,Unnamed: 0,Unnamed: 0.1,Unnamed: 0.1.1,Unnamed: 0.1.1.1,Unnamed: 0.1.1.1.1,Unnamed: 0.1.1.1.1.1,Unnamed: 0.1.1.1.1.1.1,Unnamed: 0.1.1.1.1.1.1.1,Unnamed: 0.1.1.1.1.1.1.1.1,Unnamed: 0.1.1.1.1.1.1.1.1.1,Unnamed: 0.1.1.1.1.1.1.1.1.1.1,index,MSE,Model,Performance,SE
0,0,0,0,0,0,0,0,0,0,0,0,1_0,0.3685114532052433,H,0,0.011168946578267641
1,1,1,1,1,1,1,1,1,1,1,1,1_1,0.3703158053086133,wind_speed,0,0.01108397033088941
2,2,2,2,2,2,2,2,2,2,2,2,1_2,0.35847086375056403,air_pressure,0,0.010649010713830414
3,3,3,3,3,3,3,3,3,3,3,3,1_3,0.35818339488805634,PPFD_Avg,0,0.01036051439218248
4,4,4,4,4,4,4,4,4,4,4,4,1_4,0.34208790895188784,AirTC_Avg,0,0.01021785768511888
5,5,5,5,5,5,5,5,5,5,5,5,1_5,0.3563850428334426,VPD,0,0.009976831669204694
6,6,6,6,6,6,6,6,6,6,6,6,1_6,0.3707847252810521,Temp,0,0.011571485767674784
7,7,7,7,7,7,7,7,7,7,7,7,1_7,0.3475237642323417,VWC,0,0.009920372702957621
8,8,8,8,8,8,8,8,8,8,8,8,1_8,0.31956477673811784,Sedge,1,0.008870077353759427
9,9,9,9,9,9,9,9,9,9,9,9,1_9,0.3507829498430928,Shrub,0,0.011526402795818048
10,10,10,10,10,10,10,10,10,10,10,10,1_10,0.33875672098572746,Grass,0,0.011061066371062104
11,11,11,11,11,11,11,11,11,11,11,11,1_11,0.35702146166367543,Sparse,0,0.010852850756270445
12,12,12,12,12,12,12,12,12,12,12,12,1_12,0.3569506008401163,Out_of_Basin,0,0.010559566460433396
13,13,13,13,13,13,13,13,13,13,13,13,2_0,0.2923091220779288,H+Sedge,0,0.007939262514727027
14,14,14,14,14,14,14,14,14,14,14,14,2_1,0.2639202282271099,wind_speed+Sedge,0,0.007477485754597624
15,15,15,15,15,15,15,15,15,15,15,15,2_2,0.2355795367325603,air_pressure+Sedge,0,0.007359495140927039
16,16,16,16,16,16,16,16,16,16,16,16,2_3,0.29801146731967104,PPFD_Avg+Sedge,0,0.00769726500728011
17,17,17,17,17,17,17,17,17,17,17,17,2_4,0.3004134831325244,AirTC_Avg+Sedge,0,0.00808133465755712
18,18,18,18,18,18,18,18,18,18,18,18,2_5,0.3219319577127679,VPD+Sedge,0,0.008477762782776855
19,19,19,19,19,19,19,19,19,19,19,19,2_6,0.3130388500884408,Temp+Sedge,0,0.00885778825171131
20,20,20,20,20,20,20,20,20,20,20,20,2_7,0.2083460244582172,VWC+Sedge,1,0.007539384991840981
21,21,21,21,21,21,21,21,21,21,21,21,2_8,0.3158476065220764,Sedge+Shrub,0,0.00923629332185372
22,22,22,22,22,22,22,22,22,22,22,22,2_9,0.31469658555243696,Sedge+Grass,0,0.009320557289287127
23,23,23,23,23,23,23,23,23,23,23,23,2_10,0.3127464235947669,Sedge+Sparse,0,0.008777174272117601
24,24,24,24,24,24,24,24,24,24,24,24,2_11,0.2792294048395759,Sedge+Out_of_Basin,0,0.00811249520436713
25,25,25,25,25,25,25,25,25,25,25,25,3_0,0.18242618498662594,H+VWC+Sedge,0,0.007436115542196495
26,26,26,26,26,26,26,26,26,26,26,26,3_1,0.20076623010750905,wind_speed+VWC+Sedge,0,0.006059649299949957
27,27,27,27,27,27,27,27,27,27,27,27,3_2,0.20687790471811965,air_pressure+VWC+Sedge,0,0.006878358389500001
28,28,28,28,28,28,28,28,28,28,28,28,3_3,0.19164260949751907,PPFD_Avg+VWC+Sedge,0,0.007098492446173953
29,29,29,29,29,29,29,29,29,29,29,29,3_4,0.18939952480751174,AirTC_Avg+VWC+Sedge,0,0.007422215538359994
30,30,30,30,30,30,30,30,30,30,30,30,3_5,0.1947978366797454,VPD+VWC+Sedge,0,0.007414853727090515
31,31,31,31,31,31,31,31,31,31,31,31,3_6,0.17405519439966075,Temp+VWC+Sedge,1,0.006049937629621833
32,32,32,32,32,32,32,32,32,32,32,32,3_7,0.1883162390483919,VWC+Sedge+Shrub,0,0.007279104037721494
33,33,33,33,33,33,33,33,33,33,33,33,3_8,0.19114794647243388,VWC+Sedge+Grass,0,0.007372032577628302
34,34,34,34,34,34,34,34,34,34,34,34,3_9,0.2025351057114799,VWC+Sedge+Sparse,0,0.007073167449989144
35,35,35,35,35,35,35,35,35,35,35,35,3_10,0.18066701551747166,VWC+Sedge+Out_of_Basin,0,0.006773068793348654
36,36,36,36,36,36,36,36,36,36,36,36,4_0,0.16739840655919547,H+Temp+VWC+Sedge,0,0.006909709678291583
37,37,37,37,37,37,37,37,37,37,37,37,4_1,0.16411964343308608,wind_speed+Temp+VWC+Sedge,0,0.005897221147380257
38,38,38,38,38,38,38,38,38,38,38,38,4_2,0.17340159650791415,air_pressure+Temp+VWC+Sedge,0,0.006426512433647284
39,39,39,39,39,39,39,39,39,39,39,39,4_3,0.1710897973381554,PPFD_Avg+Temp+VWC+Sedge,0,0.006767299455959009
40,40,40,40,40,40,40,40,40,40,40,40,4_4,0.1636423374781592,AirTC_Avg+Temp+VWC+Sedge,0,0.007059220943421698
41,41,41,41,41,41,41,41,41,41,41,41,4_5,0.16800022600708764,VPD+Temp+VWC+Sedge,0,0.006442210407272607
42,42,42,42,42,42,42,42,42,42,42,42,4_6,0.15752856424926787,Temp+VWC+Sedge+Shrub,1,0.006051029554080675
43,43,43,43,43,43,43,43,43,43,43,43,4_7,0.16307366646845425,Temp+VWC+Sedge+Grass,0,0.006738393338225523
44,44,44,44,44,44,44,44,44,44,44,44,4_8,0.16897378425518111,Temp+VWC+Sedge+Sparse,0,0.006068456719842895
45,45,45,45,45,45,45,45,45,45,45,45,4_9,0.1566679015686696,Temp+VWC+Sedge+Out_of_Basin,1,0.005675955734734616
46,46,46,46,46,46,46,46,46,46,46,46,5_0,0.15185218502573758,H+Temp+VWC+Sedge+Shrub,0,0.006743197242776497
47,47,47,47,47,47,47,47,47,47,47,47,5_1,0.1516826983709453,H+Temp+VWC+Sedge+Out_of_Basin,0,0.006406767033640714
48,48,48,48,48,48,48,48,48,48,48,48,5_2,0.13968425810979615,wind_speed+Temp+VWC+Sedge+Shrub,1,0.005189057191548697
49,49,49,49,49,49,49,49,49,49,49,49,5_3,0.15369398063610146,wind_speed+Temp+VWC+Sedge+Out_of_Basin,0,0.006153834067524286
50,50,50,50,50,50,50,50,50,50,50,50,5_4,0.15268218766706812,air_pressure+Temp+VWC+Sedge+Shrub,0,0.006336822346250029
51,51,51,51,51,51,51,51,51,51,51,51,5_5,0.15689789434841114,air_pressure+Temp+VWC+Sedge+Out_of_Basin,0,0.006362449127355142
52,52,52,52,52,52,52,52,52,52,52,52,5_6,0.15203266889733882,PPFD_Avg+Temp+VWC+Sedge+Shrub,0,0.006276491826213039
53,53,53,53,53,53,53,53,53,53,53,53,5_7,0.15630944201563896,PPFD_Avg+Temp+VWC+Sedge+Out_of_Basin,0,0.006114466714247317
54,54,54,54,54,54,54,54,54,54,54,54,5_8,0.15236685556418242,AirTC_Avg+Temp+VWC+Sedge+Shrub,0,0.0062384937334680046
55,55,55,55,55,55,55,55,55,55,55,55,5_9,0.15770739905991624,AirTC_Avg+Temp+VWC+Sedge+Out_of_Basin,0,0.0063428821636415
56,56,56,56,56,56,56,56,56,56,56,56,5_10,0.1524589102494787,VPD+Temp+VWC+Sedge+Shrub,0,0.0060224118051679975
57,57,57,57,57,57,57,57,57,57,57,57,5_11,0.1556920355480503,VPD+Temp+VWC+Sedge+Out_of_Basin,0,0.006216973326481684
58,58,58,58,58,58,58,58,58,58,58,58,5_12,0.1540735536737625,Temp+VWC+Sedge+Shrub+Grass,0,0.005963573756786523
59,59,59,59,59,59,59,59,59,59,59,59,5_13,0.1548971371002971,Temp+VWC+Sedge+Shrub+Sparse,0,0.005995375538668349
60,60,60,60,60,60,60,60,60,60,60,60,5_14,0.15110565353453226,Temp+VWC+Sedge+Shrub+Out_of_Basin,0,0.0061831690511138645
61,61,61,61,61,61,61,61,61,61,61,61,5_15,0.1544304240533214,Temp+VWC+Sedge+Grass+Out_of_Basin,0,0.006278445444946064
62,62,62,62,62,62,62,62,62,62,62,62,5_16,0.1542166644456361,Temp+VWC+Sedge+Sparse+Out_of_Basin,0,0.006359978530034045
63,63,63,63,63,63,63,63,63,63,63,63,6_0,0.1370378110267738,H+wind_speed+Temp+VWC+Sedge+Shrub,1,0.005903139986477345
64,64,64,64,64,64,64,64,64,64,64,64,6_1,0.13451012686225702,wind_speed+air_pressure+Temp+VWC+Sedge+Shrub,1,0.005360096556894508
65,65,65,65,65,65,65,65,65,65,65,65,6_2,0.14076463534642716,wind_speed+PPFD_Avg+Temp+VWC+Sedge+Shrub,0,0.005631360414910586
66,66,66,66,66,66,66,66,66,66,66,66,6_3,0.1370236811131089,wind_speed+AirTC_Avg+Temp+VWC+Sedge+Shrub,1,0.005760983759442949
67,67,67,67,67,67,67,67,67,67,67,67,6_4,0.1377265360702372,wind_speed+VPD+Temp+VWC+Sedge+Shrub,1,0.00525086671075822
68,68,68,68,68,68,68,68,68,68,68,68,6_5,0.13948406632812818,wind_speed+Temp+VWC+Sedge+Shrub+Grass,1,0.005064138134986874
69,69,69,69,69,69,69,69,69,69,69,69,6_6,0.1394161415917639,wind_speed+Temp+VWC+Sedge+Shrub+Sparse,1,0.0055861968911400574
70,70,70,70,70,70,70,70,70,70,70,70,6_7,0.13826028340016944,wind_speed+Temp+VWC+Sedge+Shrub+Out_of_Basin,1,0.005748126793721975
71,71,71,71,71,71,71,71,71,71,71,71,7_0,0.12570947903832094,H+wind_speed+air_pressure+Temp+VWC+Sedge+Shrub,1,0.004985185644249226
72,72,72,72,72,72,72,72,72,72,72,72,7_1,0.13110289201606615,H+wind_speed+PPFD_Avg+Temp+VWC+Sedge+Shrub,0,0.005107947239438565
73,73,73,73,73,73,73,73,73,73,73,73,7_2,0.12653360734912414,H+wind_speed+AirTC_Avg+Temp+VWC+Sedge+Shrub,1,0.00557719717312034
74,74,74,74,74,74,74,74,74,74,74,74,7_3,0.1307518417959125,H+wind_speed+VPD+Temp+VWC+Sedge+Shrub,0,0.005227777731761466
75,75,75,75,75,75,75,75,75,75,75,75,7_4,0.134068759767074,H+wind_speed+Temp+VWC+Sedge+Shrub+Grass,0,0.0055108322478273075
76,76,76,76,76,76,76,76,76,76,76,76,7_5,0.13348646779318235,H+wind_speed+Temp+VWC+Sedge+Shrub+Sparse,0,0.005549898425778888
77,77,77,77,77,77,77,77,77,77,77,77,7_6,0.1336628344124388,H+wind_speed+Temp+VWC+Sedge+Shrub+Out_of_Basin,0,0.005415699690488714
78,78,78,78,78,78,78,78,78,78,78,78,7_7,0.13164630593739185,wind_speed+air_pressure+PPFD_Avg+Temp+VWC+Sedge+Shrub,0,0.005366917816309456
79,79,79,79,79,79,79,79,79,79,79,79,7_8,0.12960351706870996,wind_speed+air_pressure+AirTC_Avg+Temp+VWC+Sedge+Shrub,1,0.0054336837998684
80,80,80,80,80,80,80,80,80,80,80,80,7_9,0.13028197282331602,wind_speed+air_pressure+VPD+Temp+VWC+Sedge+Shrub,1,0.004970929911250354
81,81,81,81,81,81,81,81,81,81,81,81,7_10,0.13478398442908565,wind_speed+air_pressure+Temp+VWC+Sedge+Shrub+Grass,0,0.005458555560814375
82,82,82,82,82,82,82,82,82,82,82,82,7_11,0.13348291570667273,wind_speed+air_pressure+Temp+VWC+Sedge+Shrub+Sparse,0,0.005293311877921389
83,83,83,83,83,83,83,83,83,83,83,83,7_12,0.13274066767371812,wind_speed+air_pressure+Temp+VWC+Sedge+Shrub+Out_of_Basin,0,0.005573821175294472
84,84,84,84,84,84,84,84,84,84,84,84,7_13,0.1340542425853944,wind_speed+PPFD_Avg+AirTC_Avg+Temp+VWC+Sedge+Shrub,0,0.005628742398215229
85,85,85,85,85,85,85,85,85,85,85,85,7_14,0.13692292954633192,wind_speed+PPFD_Avg+VPD+Temp+VWC+Sedge+Shrub,0,0.005153556830497968
86,86,86,86,86,86,86,86,86,86,86,86,7_15,0.13743021829916208,wind_speed+PPFD_Avg+Temp+VWC+Sedge+Shrub+Grass,0,0.0056374574000743706
87,87,87,87,87,87,87,87,87,87,87,87,7_16,0.13872898836134012,wind_speed+PPFD_Avg+Temp+VWC+Sedge+Shrub+Sparse,0,0.005255680280745081
88,88,88,88,88,88,88,88,88,88,88,88,7_17,0.13648771312874305,wind_speed+PPFD_Avg+Temp+VWC+Sedge+Shrub+Out_of_Basin,0,0.005570167249276077
89,89,89,89,89,89,89,89,89,89,89,89,7_18,0.134913496434224,wind_speed+AirTC_Avg+VPD+Temp+VWC+Sedge+Shrub,0,0.005660616673851521
90,90,90,90,90,90,90,90,90,90,90,90,7_19,0.13696435173882404,wind_speed+AirTC_Avg+Temp+VWC+Sedge+Shrub+Grass,0,0.0062695783702261575
91,91,91,91,91,91,91,91,91,91,91,91,7_20,0.13430443737727613,wind_speed+AirTC_Avg+Temp+VWC+Sedge+Shrub+Sparse,0,0.0055581339394377965
92,92,92,92,92,92,92,92,92,92,92,92,7_21,0.13550236294628196,wind_speed+AirTC_Avg+Temp+VWC+Sedge+Shrub+Out_of_Basin,0,0.005518786538210725
93,93,93,93,93,93,93,93,93,93,93,93,7_22,0.13671178303609574,wind_speed+VPD+Temp+VWC+Sedge+Shrub+Grass,0,0.006177620602349564
94,94,94,94,94,94,94,94,94,94,94,94,7_23,0.1363314087825441,wind_speed+VPD+Temp+VWC+Sedge+Shrub+Sparse,0,0.0051638853812902424
95,95,95,95,95,95,95,95,95,95,95,95,7_24,0.13615177295841002,wind_speed+VPD+Temp+VWC+Sedge+Shrub+Out_of_Basin,0,0.0052113820555005465
96,96,96,96,96,96,96,96,96,96,96,96,7_25,0.13939582542997014,wind_speed+Temp+VWC+Sedge+Shrub+Grass+Sparse,0,0.004860126949925673
97,97,97,97,97,97,97,97,97,97,97,97,7_26,0.1393460729898493,wind_speed+Temp+VWC+Sedge+Shrub+Grass+Out_of_Basin,0,0.005127036521937078
98,98,98,98,98,98,98,98,98,98,98,98,7_27,0.13743660428768129,wind_speed+Temp+VWC+Sedge+Shrub+Sparse+Out_of_Basin,0,0.005744633237377789
99,99,99,99,99,99,99,99,99,99,99,99,8_0,0.12326647858797453,H+wind_speed+air_pressure+PPFD_Avg+Temp+VWC+Sedge+Shrub,1,0.0046530299575438154
100,100,100,100,100,100,100,100,100,100,100,100,8_1,0.12079188064429824,H+wind_speed+air_pressure+AirTC_Avg+Temp+VWC+Sedge+Shrub,2,0.005202835312304747
101,101,101,101,101,101,101,101,101,101,101,101,8_2,0.12253396831825053,H+wind_speed+air_pressure+VPD+Temp+VWC+Sedge+Shrub,1,0.004892126014543757
102,102,102,102,102,102,102,102,102,102,102,102,8_3,0.12688716805476052,H+wind_speed+air_pressure+Temp+VWC+Sedge+Shrub+Grass,0,0.005330065632037061
103,103,103,103,103,103,103,103,103,103,103,103,8_4,0.12622603730722465,H+wind_speed+air_pressure+Temp+VWC+Sedge+Shrub+Sparse,0,0.0053020915459205216
104,104,104,104,104,104,104,104,104,104,104,104,8_5,0.12306445359377735,H+wind_speed+air_pressure+Temp+VWC+Sedge+Shrub+Out_of_Basin,1,0.00550916345866086
105,105,105,105,105,105,105,105,105,105,105,105,8_6,0.1305166570822018,H+wind_speed+PPFD_Avg+AirTC_Avg+Temp+VWC+Sedge+Shrub,0,0.005342147413824423
106,106,106,106,106,106,106,106,106,106,106,106,8_7,0.12703527175443488,H+wind_speed+AirTC_Avg+VPD+Temp+VWC+Sedge+Shrub,0,0.004856412974405554
107,107,107,107,107,107,107,107,107,107,107,107,8_8,0.12867550638165212,H+wind_speed+AirTC_Avg+Temp+VWC+Sedge+Shrub+Grass,0,0.0054513944120092046
108,108,108,108,108,108,108,108,108,108,108,108,8_9,0.12454664142197655,H+wind_speed+AirTC_Avg+Temp+VWC+Sedge+Shrub+Sparse,1,0.005213375406605846
109,109,109,109,109,109,109,109,109,109,109,109,8_10,0.1265805052415138,H+wind_speed+AirTC_Avg+Temp+VWC+Sedge+Shrub+Out_of_Basin,0,0.005150966788818254
110,110,110,110,110,110,110,110,110,110,110,110,8_11,0.12671000706361854,wind_speed+air_pressure+PPFD_Avg+AirTC_Avg+Temp+VWC+Sedge+Shrub,0,0.005487036116196157
111,111,111,111,111,111,111,111,111,111,111,111,8_12,0.12536529254944945,wind_speed+air_pressure+PPFD_Avg+VPD+Temp+VWC+Sedge+Shrub,1,0.0051266640907464784
112,112,112,112,112,112,112,112,112,112,112,112,8_13,0.12777030267131054,wind_speed+air_pressure+AirTC_Avg+VPD+Temp+VWC+Sedge+Shrub,0,0.005205530028206191
113,113,113,113,113,113,113,113,113,113,113,113,8_14,0.12914578222972867,wind_speed+air_pressure+AirTC_Avg+Temp+VWC+Sedge+Shrub+Grass,0,0.005160032368354655
114,114,114,114,114,114,114,114,114,114,114,114,8_15,0.12818133971853934,wind_speed+air_pressure+AirTC_Avg+Temp+VWC+Sedge+Shrub+Sparse,0,0.005366684719545354
115,115,115,115,115,115,115,115,115,115,115,115,8_16,0.12943954567474555,wind_speed+air_pressure+AirTC_Avg+Temp+VWC+Sedge+Shrub+Out_of_Basin,0,0.005551145011198236
116,116,116,116,116,116,116,116,116,116,116,116,8_17,0.12918918592709333,wind_speed+air_pressure+VPD+Temp+VWC+Sedge+Shrub+Grass,0,0.004799658534016947
117,117,117,117,117,117,117,117,117,117,117,117,8_18,0.1287836272248075,wind_speed+air_pressure+VPD+Temp+VWC+Sedge+Shrub+Sparse,0,0.004837189321126106
118,118,118,118,118,118,118,118,118,118,118,118,8_19,0.12980580667477698,wind_speed+air_pressure+VPD+Temp+VWC+Sedge+Shrub+Out_of_Basin,0,0.005197922860195193
119,119,119,119,119,119,119,119,119,119,119,119,9_0,0.11955492301274208,H+wind_speed+air_pressure+PPFD_Avg+AirTC_Avg+Temp+VWC+Sedge+Shrub,2,0.004799636865495631
120,120,120,120,120,120,120,120,120,120,120,120,9_1,0.12288857160993145,H+wind_speed+air_pressure+PPFD_Avg+VPD+Temp+VWC+Sedge+Shrub,1,0.00457280869546025
121,121,121,121,121,121,121,121,121,121,121,121,9_2,0.12495841303531592,H+wind_speed+air_pressure+PPFD_Avg+Temp+VWC+Sedge+Shrub+Grass,0,0.004914877685786024
122,122,122,122,122,122,122,122,122,122,122,122,9_3,0.12210694770834045,H+wind_speed+air_pressure+PPFD_Avg+Temp+VWC+Sedge+Shrub+Sparse,1,0.004513286550108821
123,123,123,123,123,123,123,123,123,123,123,123,9_4,0.12316085870246506,H+wind_speed+air_pressure+PPFD_Avg+Temp+VWC+Sedge+Shrub+Out_of_Basin,1,0.005335939012383732
124,124,124,124,124,124,124,124,124,124,124,124,9_5,0.11992746644782472,H+wind_speed+air_pressure+AirTC_Avg+VPD+Temp+VWC+Sedge+Shrub,2,0.004701597341033233
125,125,125,125,125,125,125,125,125,125,125,125,9_6,0.12427068288355375,H+wind_speed+air_pressure+AirTC_Avg+Temp+VWC+Sedge+Shrub+Grass,0,0.004832041056003471
126,126,126,126,126,126,126,126,126,126,126,126,9_7,0.11948632690134996,H+wind_speed+air_pressure+AirTC_Avg+Temp+VWC+Sedge+Shrub+Sparse,2,0.005068508460217268
127,127,127,127,127,127,127,127,127,127,127,127,9_8,0.12139012848111748,H+wind_speed+air_pressure+AirTC_Avg+Temp+VWC+Sedge+Shrub+Out_of_Basin,2,0.005051118946094783
128,128,128,128,128,128,128,128,128,128,128,128,9_9,0.12379949336325545,H+wind_speed+air_pressure+VPD+Temp+VWC+Sedge+Shrub+Grass,1,0.005065020870479877
129,129,129,129,129,129,129,129,129,129,129,129,9_10,0.12208070687798095,H+wind_speed+air_pressure+VPD+Temp+VWC+Sedge+Shrub+Sparse,1,0.00484631706705891
130,130,130,130,130,130,130,130,130,130,130,130,9_11,0.12279397425599392,H+wind_speed+air_pressure+VPD+Temp+VWC+Sedge+Shrub+Out_of_Basin,1,0.0051017744925134795
131,131,131,131,131,131,131,131,131,131,131,131,9_12,0.12582902181198385,H+wind_speed+air_pressure+Temp+VWC+Sedge+Shrub+Grass+Out_of_Basin,0,0.005361272763714092
132,132,132,132,132,132,132,132,132,132,132,132,9_13,0.1242434417225964,H+wind_speed+air_pressure+Temp+VWC+Sedge+Shrub+Sparse+Out_of_Basin,0,0.005440372298153716
133,133,133,133,133,133,133,133,133,133,133,133,9_14,0.12686732706669274,H+wind_speed+PPFD_Avg+AirTC_Avg+Temp+VWC+Sedge+Shrub+Sparse,0,0.0049955381152620715
134,134,134,134,134,134,134,134,134,134,134,134,9_15,0.1252197460775889,H+wind_speed+AirTC_Avg+VPD+Temp+VWC+Sedge+Shrub+Sparse,0,0.004817778183368439
135,135,135,135,135,135,135,135,135,135,135,135,9_16,0.1275394875997522,H+wind_speed+AirTC_Avg+Temp+VWC+Sedge+Shrub+Grass+Sparse,0,0.0052867029877956976
136,136,136,136,136,136,136,136,136,136,136,136,9_17,0.1246002505322782,H+wind_speed+AirTC_Avg+Temp+VWC+Sedge+Shrub+Sparse+Out_of_Basin,0,0.005333265554967786
137,137,137,137,137,137,137,137,137,137,137,137,9_18,0.12511696322900892,wind_speed+air_pressure+PPFD_Avg+AirTC_Avg+VPD+Temp+VWC+Sedge+Shrub,0,0.0051759980158019685
138,138,138,138,138,138,138,138,138,138,138,138,9_19,0.1262829183323872,wind_speed+air_pressure+PPFD_Avg+VPD+Temp+VWC+Sedge+Shrub+Grass,0,0.005440025879266097
139,139,139,139,139,139,139,139,139,139,139,139,9_20,0.12571752268780945,wind_speed+air_pressure+PPFD_Avg+VPD+Temp+VWC+Sedge+Shrub+Sparse,0,0.005083429528958627
140,140,140,140,140,140,140,140,140,140,140,140,9_21,0.12522570850134004,wind_speed+air_pressure+PPFD_Avg+VPD+Temp+VWC+Sedge+Shrub+Out_of_Basin,0,0.005437645509980263
141,141,141,141,141,141,141,141,141,141,141,141,10_0,0.12220075929460955,H+wind_speed+air_pressure+PPFD_Avg+AirTC_Avg+VPD+Temp+VWC+Sedge+Shrub,0,0.005007717226069207
142,142,142,142,142,142,142,142,142,142,142,142,10_1,0.11796785160935347,H+wind_speed+air_pressure+PPFD_Avg+AirTC_Avg+Temp+VWC+Sedge+Shrub+Grass,2,0.004187931799493814
143,143,143,143,143,143,143,143,143,143,143,143,10_2,0.11857844416615874,H+wind_speed+air_pressure+PPFD_Avg+AirTC_Avg+Temp+VWC+Sedge+Shrub+Sparse,2,0.004581453238987011
144,144,144,144,144,144,144,144,144,144,144,144,10_3,0.1175976789436855,H+wind_speed+air_pressure+PPFD_Avg+AirTC_Avg+Temp+VWC+Sedge+Shrub+Out_of_Basin,3,0.004646288093491651
145,145,145,145,145,145,145,145,145,145,145,145,10_4,0.12115455651064172,H+wind_speed+air_pressure+PPFD_Avg+VPD+Temp+VWC+Sedge+Shrub+Grass,2,0.0042643640265086396
146,146,146,146,146,146,146,146,146,146,146,146,10_5,0.12183924958714695,H+wind_speed+air_pressure+PPFD_Avg+VPD+Temp+VWC+Sedge+Shrub+Sparse,0,0.004698532471895565
147,147,147,147,147,147,147,147,147,147,147,147,10_6,0.11957113049244385,H+wind_speed+air_pressure+PPFD_Avg+VPD+Temp+VWC+Sedge+Shrub+Out_of_Basin,2,0.0047704354929002145
148,148,148,148,148,148,148,148,148,148,148,148,10_7,0.12514866719216722,H+wind_speed+air_pressure+PPFD_Avg+Temp+VWC+Sedge+Shrub+Grass+Sparse,0,0.0047704540189267355
149,149,149,149,149,149,149,149,149,149,149,149,10_8,0.12441206689003413,H+wind_speed+air_pressure+PPFD_Avg+Temp+VWC+Sedge+Shrub+Grass+Out_of_Basin,0,0.005028251185478158
150,150,150,150,150,150,150,150,150,150,150,150,10_9,0.11976890749747846,H+wind_speed+air_pressure+PPFD_Avg+Temp+VWC+Sedge+Shrub+Sparse+Out_of_Basin,2,0.004963650571217354
151,151,151,151,151,151,151,151,151,151,151,151,10_10,0.12094334042161488,H+wind_speed+air_pressure+AirTC_Avg+VPD+Temp+VWC+Sedge+Shrub+Grass,2,0.004413613790735382
152,152,152,152,152,152,152,152,152,152,152,152,10_11,0.11765803703520407,H+wind_speed+air_pressure+AirTC_Avg+VPD+Temp+VWC+Sedge+Shrub+Sparse,2,0.004563932049224913
153,153,153,153,153,153,153,153,153,153,153,153,10_12,0.11960316335938374,H+wind_speed+air_pressure+AirTC_Avg+VPD+Temp+VWC+Sedge+Shrub+Out_of_Basin,2,0.0044504592125189524
154,154,154,154,154,154,154,154,154,154,154,154,10_13,0.1219049931751163,H+wind_speed+air_pressure+AirTC_Avg+Temp+VWC+Sedge+Shrub+Grass+Sparse,0,0.005093384751638023
155,155,155,155,155,155,155,155,155,155,155,155,10_14,0.12233177913032735,H+wind_speed+air_pressure+AirTC_Avg+Temp+VWC+Sedge+Shrub+Grass+Out_of_Basin,0,0.004898787551772032
156,156,156,156,156,156,156,156,156,156,156,156,10_15,0.11909460402852574,H+wind_speed+air_pressure+AirTC_Avg+Temp+VWC+Sedge+Shrub+Sparse+Out_of_Basin,2,0.005195565472109171
157,157,157,157,157,157,157,157,157,157,157,157,10_16,0.12300691548312945,H+wind_speed+air_pressure+VPD+Temp+VWC+Sedge+Shrub+Grass+Sparse,0,0.004932969121382434
158,158,158,158,158,158,158,158,158,158,158,158,10_17,0.12197424153332892,H+wind_speed+air_pressure+VPD+Temp+VWC+Sedge+Shrub+Grass+Out_of_Basin,0,0.005053942894271616
159,159,159,159,159,159,159,159,159,159,159,159,10_18,0.12012200432359955,H+wind_speed+air_pressure+VPD+Temp+VWC+Sedge+Shrub+Sparse+Out_of_Basin,2,0.004940937758111302
160,160,160,160,160,160,160,160,160,160,160,160,11_0,0.12224269875883155,H+wind_speed+air_pressure+PPFD_Avg+AirTC_Avg+VPD+Temp+VWC+Sedge+Shrub+Grass,1,0.004843578940024046
161,161,161,161,161,161,161,161,161,161,161,161,11_1,0.121099870423062,H+wind_speed+air_pressure+PPFD_Avg+AirTC_Avg+VPD+Temp+VWC+Sedge+Shrub+Sparse,2,0.005356505050381015
162,162,162,162,162,162,162,162,162,162,162,162,11_2,0.12185328482380416,H+wind_speed+air_pressure+PPFD_Avg+AirTC_Avg+VPD+Temp+VWC+Sedge+Shrub+Out_of_Basin,1,0.004989243799053807
163,163,163,163,163,163,163,163,163,163,163,163,11_3,0.11881392367780125,H+wind_speed+air_pressure+PPFD_Avg+AirTC_Avg+Temp+VWC+Sedge+Shrub+Grass+Sparse,2,0.004497311819666877
164,164,164,164,164,164,164,164,164,164,164,164,11_4,0.11951591792515495,H+wind_speed+air_pressure+PPFD_Avg+AirTC_Avg+Temp+VWC+Sedge+Shrub+Grass+Out_of_Basin,2,0.00417014541072046
165,165,165,165,165,165,165,165,165,165,165,165,11_5,0.11920439671529165,H+wind_speed+air_pressure+PPFD_Avg+AirTC_Avg+Temp+VWC+Sedge+Shrub+Sparse+Out_of_Basin,2,0.004730139566245661
166,166,166,166,166,166,166,166,166,166,166,166,11_6,0.12115173286477825,H+wind_speed+air_pressure+PPFD_Avg+VPD+Temp+VWC+Sedge+Shrub+Grass+Sparse,2,0.004683427216927718
167,167,167,167,167,167,167,167,167,167,167,167,11_7,0.12267279353530885,H+wind_speed+air_pressure+PPFD_Avg+VPD+Temp+VWC+Sedge+Shrub+Grass+Out_of_Basin,1,0.0041842997282835965
168,168,168,168,168,168,168,168,168,168,168,168,11_8,0.12150870890703724,H+wind_speed+air_pressure+PPFD_Avg+VPD+Temp+VWC+Sedge+Shrub+Sparse+Out_of_Basin,2,0.004446371301669874
169,169,169,169,169,169,169,169,169,169,169,169,11_9,0.12526651745748366,H+wind_speed+air_pressure+PPFD_Avg+Temp+VWC+Sedge+Shrub+Grass+Sparse+Out_of_Basin,0,0.0052841608682856036
170,170,170,170,170,170,170,170,170,170,170,170,11_10,0.12050231573282386,H+wind_speed+air_pressure+AirTC_Avg+VPD+Temp+VWC+Sedge+Shrub+Grass+Sparse,2,0.004826766406643453
171,171,171,171,171,171,171,171,171,171,171,171,11_11,0.11981161850159025,H+wind_speed+air_pressure+AirTC_Avg+VPD+Temp+VWC+Sedge+Shrub+Grass+Out_of_Basin,2,0.004104486850702772
172,172,172,172,172,172,172,172,172,172,172,172,11_12,0.11989741044648615,H+wind_speed+air_pressure+AirTC_Avg+VPD+Temp+VWC+Sedge+Shrub+Sparse+Out_of_Basin,2,0.004881107047859289
173,173,173,173,173,173,173,173,173,173,173,173,11_13,0.12261833142284664,H+wind_speed+air_pressure+AirTC_Avg+Temp+VWC+Sedge+Shrub+Grass+Sparse+Out_of_Basin,1,0.005311576634821451
174,174,174,174,174,174,174,174,174,174,174,174,11_14,0.12299037972227315,H+wind_speed+air_pressure+VPD+Temp+VWC+Sedge+Shrub+Grass+Sparse+Out_of_Basin,0,0.0050506340937828105
175,175,175,175,175,175,175,175,175,175,175,175,12_0,0.12246070757540635,H+wind_speed+air_pressure+PPFD_Avg+AirTC_Avg+VPD+Temp+VWC+Sedge+Shrub+Grass+Sparse,1,0.004795516995321709
176,176,176,176,176,176,176,176,176,176,176,176,12_1,0.1217884951869218,H+wind_speed+air_pressure+PPFD_Avg+AirTC_Avg+VPD+Temp+VWC+Sedge+Shrub+Grass+Out_of_Basin,1,0.0051098467988532036
177,177,177,177,177,177,177,177,177,177,177,177,12_2,0.12155129107779218,H+wind_speed+air_pressure+PPFD_Avg+AirTC_Avg+VPD+Temp+VWC+Sedge+Shrub+Sparse+Out_of_Basin,2,0.005555792634294811
178,178,178,178,178,178,178,178,178,178,178,178,12_3,0.1185286540606039,H+wind_speed+air_pressure+PPFD_Avg+AirTC_Avg+Temp+VWC+Sedge+Shrub+Grass+Sparse+Out_of_Basin,2,0.004870465050576457
179,179,179,179,179,179,179,179,179,179,179,179,12_4,0.1219326200087525,H+wind_speed+air_pressure+PPFD_Avg+VPD+Temp+VWC+Sedge+Shrub+Grass+Sparse+Out_of_Basin,1,0.0052392792097572605
180,180,180,180,180,180,180,180,180,180,180,180,12_5,0.12057071363895365,H+wind_speed+air_pressure+AirTC_Avg+VPD+Temp+VWC+Sedge+Shrub+Grass+Sparse+Out_of_Basin,2,0.005159928194669581
181,181,181,181,181,181,181,181,181,181,181,181,13_0,0.12009617596955614,H+wind_speed+air_pressure+PPFD_Avg+AirTC_Avg+VPD+Temp+VWC+Sedge+Shrub+Grass+Sparse+Out_of_Basin,2,0.005001173857788867
