datetime,SoilMoist(4)
6/23/2017 0:00,78.48
6/23/2017 0:30,78.48
6/23/2017 1:00,78.48
6/23/2017 1:30,78.48
6/23/2017 2:00,78.48
6/23/2017 2:30,78.415
6/23/2017 3:00,78.35
6/23/2017 3:30,78.52
6/23/2017 4:00,78.69
6/23/2017 4:30,78.72
6/23/2017 5:00,78.75
6/23/2017 5:30,78.75
6/23/2017 6:00,78.75
6/23/2017 6:30,78.75
6/23/2017 7:00,78.75
6/23/2017 7:30,78.75
6/23/2017 8:00,78.75
6/23/2017 8:30,78.75
6/23/2017 9:00,78.75
6/23/2017 9:30,78.72
6/23/2017 10:00,78.69
6/23/2017 10:30,78.72
6/23/2017 11:00,78.75
6/23/2017 11:30,78.685
6/23/2017 12:00,78.62
6/23/2017 12:30,78.585
6/23/2017 13:00,78.55
6/23/2017 13:30,78.485
6/23/2017 14:00,78.42
6/23/2017 14:30,78.385
6/23/2017 15:00,78.35
6/23/2017 15:30,78.185
6/23/2017 16:00,78.02
6/23/2017 16:30,77.885
6/23/2017 17:00,77.75
6/23/2017 17:30,77.685
6/23/2017 18:00,77.62
6/23/2017 18:30,77.585
6/23/2017 19:00,77.55
6/23/2017 19:30,77.75
6/23/2017 20:00,77.95
6/23/2017 20:30,77.885
6/23/2017 21:00,77.82
6/23/2017 21:30,77.755
6/23/2017 22:00,77.69
6/23/2017 22:30,77.62
6/23/2017 23:00,77.55
6/23/2017 23:30,77.485
6/24/2017 0:00,77.42
6/24/2017 0:30,77.42
6/24/2017 1:00,77.42
6/24/2017 1:30,77.42
6/24/2017 2:00,77.42
6/24/2017 2:30,77.42
6/24/2017 3:00,77.42
6/24/2017 3:30,77.42
6/24/2017 4:00,77.42
6/24/2017 4:30,77.42
6/24/2017 5:00,77.42
6/24/2017 5:30,77.385
6/24/2017 6:00,77.35
6/24/2017 6:30,77.35
6/24/2017 7:00,77.35
6/24/2017 7:30,77.35
6/24/2017 8:00,77.35
6/24/2017 8:30,77.35
6/24/2017 9:00,77.35
6/24/2017 9:30,77.385
6/24/2017 10:00,77.42
6/24/2017 10:30,77.385
6/24/2017 11:00,77.35
6/24/2017 11:30,77.32
6/24/2017 12:00,77.29
6/24/2017 12:30,77.255
6/24/2017 13:00,77.22
6/24/2017 13:30,77.185
6/24/2017 14:00,77.15
6/24/2017 14:30,77.085
6/24/2017 15:00,77.02
6/24/2017 15:30,76.955
6/24/2017 16:00,76.89
6/24/2017 16:30,76.76
6/24/2017 17:00,76.63
6/24/2017 17:30,76.595
6/24/2017 18:00,76.56
6/24/2017 18:30,76.46
6/24/2017 19:00,76.36
6/24/2017 19:30,76.065
6/24/2017 20:00,75.77
6/24/2017 20:30,76.13
6/24/2017 21:00,76.49
6/24/2017 21:30,76.46
6/24/2017 22:00,76.43
6/24/2017 22:30,76.395
6/24/2017 23:00,76.36
6/24/2017 23:30,76.36
6/25/2017 0:00,76.36
6/25/2017 0:30,76.36
6/25/2017 1:00,76.36
6/25/2017 1:30,76.33
6/25/2017 2:00,76.3
6/25/2017 2:30,76.3
6/25/2017 3:00,76.3
6/25/2017 3:30,76.2
6/25/2017 4:00,76.1
6/25/2017 4:30,76.065
6/25/2017 5:00,76.03
6/25/2017 5:30,76.065
6/25/2017 6:00,76.1
6/25/2017 6:30,76.1
6/25/2017 7:00,76.1
6/25/2017 7:30,76.1
6/25/2017 8:00,76.1
6/25/2017 8:30,76.1
6/25/2017 9:00,76.1
6/25/2017 9:30,76.1
6/25/2017 10:00,76.1
6/25/2017 10:30,76.065
6/25/2017 11:00,76.03
6/25/2017 11:30,75.965
6/25/2017 12:00,75.9
6/25/2017 12:30,75.835
6/25/2017 13:00,75.77
6/25/2017 13:30,75.705
6/25/2017 14:00,75.64
6/25/2017 14:30,75.375
6/25/2017 15:00,75.11
6/25/2017 15:30,74.75
6/25/2017 16:00,74.39
6/25/2017 16:30,74.195
6/25/2017 17:00,74
6/25/2017 17:30,73.935
6/25/2017 18:00,73.87
6/25/2017 18:30,73.805
6/25/2017 19:00,73.74
6/25/2017 19:30,73.71
6/25/2017 20:00,73.68
6/25/2017 20:30,73.615
6/25/2017 21:00,73.55
6/25/2017 21:30,73.55
6/25/2017 22:00,73.55
6/25/2017 22:30,73.52
6/25/2017 23:00,73.49
6/25/2017 23:30,73.455
6/26/2017 0:00,73.42
6/26/2017 0:30,73.42
6/26/2017 1:00,73.42
6/26/2017 1:30,73.42
6/26/2017 2:00,73.42
6/26/2017 2:30,73.42
6/26/2017 3:00,73.42
6/26/2017 3:30,73.42
6/26/2017 4:00,73.42
6/26/2017 4:30,73.39
6/26/2017 5:00,73.36
6/26/2017 5:30,73.39
6/26/2017 6:00,73.42
6/26/2017 6:30,73.42
6/26/2017 7:00,73.42
6/26/2017 7:30,73.58
6/26/2017 8:00,73.74
6/26/2017 8:30,73.74
6/26/2017 9:00,73.74
6/26/2017 9:30,73.775
6/26/2017 10:00,73.81
6/26/2017 10:30,73.81
6/26/2017 11:00,73.81
6/26/2017 11:30,73.84
6/26/2017 12:00,73.87
6/26/2017 12:30,73.84
6/26/2017 13:00,73.81
6/26/2017 13:30,73.81
6/26/2017 14:00,73.81
6/26/2017 14:30,73.745
6/26/2017 15:00,73.68
6/26/2017 15:30,73.68
6/26/2017 16:00,73.68
6/26/2017 16:30,73.68
6/26/2017 17:00,73.68
6/26/2017 17:30,73.645
6/26/2017 18:00,73.61
6/26/2017 18:30,73.61
6/26/2017 19:00,73.61
6/26/2017 19:30,73.61
6/26/2017 20:00,73.61
6/26/2017 20:30,73.61
6/26/2017 21:00,73.61
6/26/2017 21:30,73.61
6/26/2017 22:00,73.61
6/26/2017 22:30,73.61
6/26/2017 23:00,73.61
6/26/2017 23:30,73.61
6/27/2017 0:00,73.61
6/27/2017 0:30,73.645
6/27/2017 1:00,73.68
6/27/2017 1:30,73.71
6/27/2017 2:00,73.74
6/27/2017 2:30,74.065
6/27/2017 3:00,74.39
6/27/2017 3:30,74.46
6/27/2017 4:00,74.53
6/27/2017 4:30,74.56
6/27/2017 5:00,74.59
6/27/2017 5:30,74.59
6/27/2017 6:00,74.59
6/27/2017 6:30,74.59
6/27/2017 7:00,74.59
6/27/2017 7:30,74.59
6/27/2017 8:00,74.59
6/27/2017 8:30,74.59
6/27/2017 9:00,74.59
6/27/2017 9:30,74.625
6/27/2017 10:00,74.66
6/27/2017 10:30,74.66
6/27/2017 11:00,74.66
6/27/2017 11:30,74.625
6/27/2017 12:00,74.59
6/27/2017 12:30,74.59
6/27/2017 13:00,74.59
6/27/2017 13:30,74.56
6/27/2017 14:00,74.53
6/27/2017 14:30,74.53
6/27/2017 15:00,74.53
6/27/2017 15:30,74.495
6/27/2017 16:00,74.46
6/27/2017 16:30,74.46
6/27/2017 17:00,74.46
6/27/2017 17:30,74.495
6/27/2017 18:00,74.53
6/27/2017 18:30,74.56
6/27/2017 19:00,74.59
6/27/2017 19:30,74.59
6/27/2017 20:00,74.59
6/27/2017 20:30,74.59
6/27/2017 21:00,74.59
6/27/2017 21:30,74.59
6/27/2017 22:00,74.59
6/27/2017 22:30,74.59
6/27/2017 23:00,74.59
6/27/2017 23:30,74.625
6/28/2017 0:00,74.66
6/28/2017 0:30,74.66
6/28/2017 1:00,74.66
6/28/2017 1:30,74.66
6/28/2017 2:00,74.66
6/28/2017 2:30,74.66
6/28/2017 3:00,74.66
6/28/2017 3:30,74.66
6/28/2017 4:00,74.66
6/28/2017 4:30,74.66
6/28/2017 5:00,74.66
6/28/2017 5:30,74.66
6/28/2017 6:00,74.66
6/28/2017 6:30,74.66
6/28/2017 7:00,74.66
6/28/2017 7:30,74.66
6/28/2017 8:00,74.66
6/28/2017 8:30,74.66
6/28/2017 9:00,74.66
6/28/2017 9:30,74.66
6/28/2017 10:00,74.66
6/28/2017 10:30,74.66
6/28/2017 11:00,74.66
6/28/2017 11:30,74.625
6/28/2017 12:00,74.59
6/28/2017 12:30,74.56
6/28/2017 13:00,74.53
6/28/2017 13:30,74.53
6/28/2017 14:00,74.53
6/28/2017 14:30,74.46
6/28/2017 15:00,74.39
6/28/2017 15:30,74.325
6/28/2017 16:00,74.26
6/28/2017 16:30,74.13
6/28/2017 17:00,74
6/28/2017 17:30,73.775
6/28/2017 18:00,73.55
6/28/2017 18:30,73.39
6/28/2017 19:00,73.23
6/28/2017 19:30,73.165
6/28/2017 20:00,73.1
6/28/2017 20:30,73.035
6/28/2017 21:00,72.97
6/28/2017 21:30,72.97
6/28/2017 22:00,72.97
6/28/2017 22:30,72.935
6/28/2017 23:00,72.9
6/28/2017 23:30,72.9
6/29/2017 0:00,72.9
6/29/2017 0:30,72.87
6/29/2017 1:00,72.84
6/29/2017 1:30,72.87
6/29/2017 2:00,72.9
6/29/2017 2:30,72.9
6/29/2017 3:00,72.9
6/29/2017 3:30,72.9
6/29/2017 4:00,72.9
6/29/2017 4:30,72.9
6/29/2017 5:00,72.9
6/29/2017 5:30,72.935
6/29/2017 6:00,72.97
6/29/2017 6:30,72.97
6/29/2017 7:00,72.97
6/29/2017 7:30,72.97
6/29/2017 8:00,72.97
6/29/2017 8:30,72.97
6/29/2017 9:00,72.97
6/29/2017 9:30,72.935
6/29/2017 10:00,72.9
6/29/2017 10:30,72.9
6/29/2017 11:00,72.9
6/29/2017 11:30,72.9
6/29/2017 12:00,72.9
6/29/2017 12:30,72.835
6/29/2017 13:00,72.77
6/29/2017 13:30,72.74
6/29/2017 14:00,72.71
6/29/2017 14:30,72.645
6/29/2017 15:00,72.58
6/29/2017 15:30,72.55
6/29/2017 16:00,72.52
6/29/2017 16:30,72.485
6/29/2017 17:00,72.45
6/29/2017 17:30,72.45
6/29/2017 18:00,72.45
6/29/2017 18:30,72.385
6/29/2017 19:00,72.32
6/29/2017 19:30,72.29
6/29/2017 20:00,72.26
6/29/2017 20:30,72.29
6/29/2017 21:00,72.32
6/29/2017 21:30,72.29
6/29/2017 22:00,72.26
6/29/2017 22:30,72.225
6/29/2017 23:00,72.19
6/29/2017 23:30,72.16
6/30/2017 0:00,72.13
6/30/2017 0:30,72.1
6/30/2017 1:00,72.07
6/30/2017 1:30,72.1
6/30/2017 2:00,72.13
6/30/2017 2:30,72.13
6/30/2017 3:00,72.13
6/30/2017 3:30,72.13
6/30/2017 4:00,72.13
6/30/2017 4:30,72.1
6/30/2017 5:00,72.07
6/30/2017 5:30,72.07
6/30/2017 6:00,72.07
6/30/2017 6:30,72.07
6/30/2017 7:00,72.07
6/30/2017 7:30,72.1
6/30/2017 8:00,72.13
6/30/2017 8:30,72.065
6/30/2017 9:00,72
6/30/2017 9:30,71.745
6/30/2017 10:00,71.49
6/30/2017 10:30,71.49
6/30/2017 11:00,71.49
6/30/2017 11:30,71.395
6/30/2017 12:00,71.3
6/30/2017 12:30,71.3
6/30/2017 13:00,71.3
6/30/2017 13:30,71.235
6/30/2017 14:00,71.17
6/30/2017 14:30,71.14
6/30/2017 15:00,71.11
6/30/2017 15:30,71.01
6/30/2017 16:00,70.91
6/30/2017 16:30,70.85
6/30/2017 17:00,70.79
6/30/2017 17:30,70.725
6/30/2017 18:00,70.66
6/30/2017 18:30,70.595
6/30/2017 19:00,70.53
6/30/2017 19:30,70.465
6/30/2017 20:00,70.4
6/30/2017 20:30,70.4
6/30/2017 21:00,70.4
6/30/2017 21:30,70.4
6/30/2017 22:00,70.4
6/30/2017 22:30,70.37
6/30/2017 23:00,70.34
6/30/2017 23:30,70.34
7/1/2017 0:00,70.34
7/1/2017 0:30,70.275
7/1/2017 1:00,70.21
7/1/2017 1:30,70.21
7/1/2017 2:00,70.21
7/1/2017 2:30,70.245
7/1/2017 3:00,70.28
7/1/2017 3:30,70.28
7/1/2017 4:00,70.28
7/1/2017 4:30,70.28
7/1/2017 5:00,70.28
7/1/2017 5:30,70.28
7/1/2017 6:00,70.28
7/1/2017 6:30,70.28
7/1/2017 7:00,70.28
7/1/2017 7:30,70.28
7/1/2017 8:00,70.28
7/1/2017 8:30,70.245
7/1/2017 9:00,70.21
7/1/2017 9:30,70.21
7/1/2017 10:00,70.21
7/1/2017 10:30,69.925
7/1/2017 11:00,69.64
7/1/2017 11:30,69.61
7/1/2017 12:00,69.58
7/1/2017 12:30,69.515
7/1/2017 13:00,69.45
7/1/2017 13:30,69.39
7/1/2017 14:00,69.33
7/1/2017 14:30,69.2
7/1/2017 15:00,69.07
7/1/2017 15:30,69.01
7/1/2017 16:00,68.95
7/1/2017 16:30,68.825
7/1/2017 17:00,68.7
7/1/2017 17:30,68.51
7/1/2017 18:00,68.32
7/1/2017 18:30,68.225
7/1/2017 19:00,68.13
7/1/2017 19:30,68.07
7/1/2017 20:00,68.01
7/1/2017 20:30,67.915
7/1/2017 21:00,67.82
7/1/2017 21:30,67.755
7/1/2017 22:00,67.69
7/1/2017 22:30,67.66
7/1/2017 23:00,67.63
7/1/2017 23:30,67.63
7/2/2017 0:00,67.63
7/2/2017 0:30,67.63
7/2/2017 1:00,67.63
7/2/2017 1:30,67.6
7/2/2017 2:00,67.57
7/2/2017 2:30,67.57
7/2/2017 3:00,67.57
7/2/2017 3:30,67.6
7/2/2017 4:00,67.63
7/2/2017 4:30,67.63
7/2/2017 5:00,67.63
7/2/2017 5:30,67.63
7/2/2017 6:00,67.63
7/2/2017 6:30,67.66
7/2/2017 7:00,67.69
7/2/2017 7:30,67.69
7/2/2017 8:00,67.69
7/2/2017 8:30,67.66
7/2/2017 9:00,67.63
7/2/2017 9:30,67.63
7/2/2017 10:00,67.63
7/2/2017 10:30,67.6
7/2/2017 11:00,67.57
7/2/2017 11:30,67.54
7/2/2017 12:00,67.51
7/2/2017 12:30,67.475
7/2/2017 13:00,67.44
7/2/2017 13:30,67.35
7/2/2017 14:00,67.26
7/2/2017 14:30,67.195
7/2/2017 15:00,67.13
7/2/2017 15:30,67.07
7/2/2017 16:00,67.01
7/2/2017 16:30,66.945
7/2/2017 17:00,66.88
7/2/2017 17:30,66.725
7/2/2017 18:00,66.57
7/2/2017 18:30,66.385
7/2/2017 19:00,66.2
7/2/2017 19:30,66.14
7/2/2017 20:00,66.08
7/2/2017 20:30,66.05
7/2/2017 21:00,66.02
7/2/2017 21:30,65.925
7/2/2017 22:00,65.83
7/2/2017 22:30,65.83
7/2/2017 23:00,65.83
7/2/2017 23:30,65.8
7/3/2017 0:00,65.77
7/3/2017 0:30,65.77
7/3/2017 1:00,65.77
7/3/2017 1:30,65.77
7/3/2017 2:00,65.77
7/3/2017 2:30,65.8
7/3/2017 3:00,65.83
7/3/2017 3:30,65.8
7/3/2017 4:00,65.77
7/3/2017 4:30,65.77
7/3/2017 5:00,65.77
7/3/2017 5:30,65.77
7/3/2017 6:00,65.77
7/3/2017 6:30,65.77
7/3/2017 7:00,65.77
7/3/2017 7:30,65.8
7/3/2017 8:00,65.83
7/3/2017 8:30,65.83
7/3/2017 9:00,65.83
7/3/2017 9:30,65.86
7/3/2017 10:00,65.89
7/3/2017 10:30,65.925
7/3/2017 11:00,65.96
7/3/2017 11:30,65.96
7/3/2017 12:00,65.96
7/3/2017 12:30,65.96
7/3/2017 13:00,65.96
7/3/2017 13:30,65.99
7/3/2017 14:00,66.02
7/3/2017 14:30,66.02
7/3/2017 15:00,66.02
7/3/2017 15:30,65.99
7/3/2017 16:00,65.96
7/3/2017 16:30,65.96
7/3/2017 17:00,65.96
7/3/2017 17:30,65.925
7/3/2017 18:00,65.89
7/3/2017 18:30,65.89
7/3/2017 19:00,65.89
7/3/2017 19:30,65.86
7/3/2017 20:00,65.83
7/3/2017 20:30,65.83
7/3/2017 21:00,65.83
7/3/2017 21:30,65.83
7/3/2017 22:00,65.83
7/3/2017 22:30,65.86
7/3/2017 23:00,65.89
7/3/2017 23:30,65.925
7/4/2017 0:00,65.96
7/4/2017 0:30,65.96
7/4/2017 1:00,65.96
7/4/2017 1:30,65.96
7/4/2017 2:00,65.96
7/4/2017 2:30,66.08
7/4/2017 3:00,66.2
7/4/2017 3:30,66.295
7/4/2017 4:00,66.39
7/4/2017 4:30,66.635
7/4/2017 5:00,66.88
7/4/2017 5:30,66.945
7/4/2017 6:00,67.01
7/4/2017 6:30,67.01
7/4/2017 7:00,67.01
7/4/2017 7:30,67.01
7/4/2017 8:00,67.01
7/4/2017 8:30,67.01
7/4/2017 9:00,67.01
7/4/2017 9:30,68.55
7/4/2017 10:00,70.09
7/4/2017 10:30,71.11
7/4/2017 11:00,72.13
7/4/2017 11:30,72.195
7/4/2017 12:00,72.26
7/4/2017 12:30,72.45
7/4/2017 13:00,72.64
7/4/2017 13:30,72.74
7/4/2017 14:00,72.84
7/4/2017 14:30,72.905
7/4/2017 15:00,72.97
7/4/2017 15:30,72.935
7/4/2017 16:00,72.9
7/4/2017 16:30,72.935
7/4/2017 17:00,72.97
7/4/2017 17:30,72.97
7/4/2017 18:00,72.97
7/4/2017 18:30,72.97
7/4/2017 19:00,72.97
7/4/2017 19:30,72.935
7/4/2017 20:00,72.9
7/4/2017 20:30,72.9
7/4/2017 21:00,72.9
7/4/2017 21:30,72.9
7/4/2017 22:00,72.9
7/4/2017 22:30,72.9
7/4/2017 23:00,72.9
7/4/2017 23:30,72.9
7/5/2017 0:00,72.9
7/5/2017 0:30,72.935
7/5/2017 1:00,72.97
7/5/2017 1:30,72.97
7/5/2017 2:00,72.97
7/5/2017 2:30,72.97
7/5/2017 3:00,72.97
7/5/2017 3:30,72.97
7/5/2017 4:00,72.97
7/5/2017 4:30,73
7/5/2017 5:00,73.03
7/5/2017 5:30,73.065
7/5/2017 6:00,73.1
7/5/2017 6:30,73.065
7/5/2017 7:00,73.03
7/5/2017 7:30,73.065
7/5/2017 8:00,73.1
7/5/2017 8:30,73.1
7/5/2017 9:00,73.1
7/5/2017 9:30,73.13
7/5/2017 10:00,73.16
7/5/2017 10:30,73.13
7/5/2017 11:00,73.1
7/5/2017 11:30,73.13
7/5/2017 12:00,73.16
7/5/2017 12:30,73.13
7/5/2017 13:00,73.1
7/5/2017 13:30,73.1
7/5/2017 14:00,73.1
7/5/2017 14:30,73.065
7/5/2017 15:00,73.03
7/5/2017 15:30,73
7/5/2017 16:00,72.97
7/5/2017 16:30,72.905
7/5/2017 17:00,72.84
7/5/2017 17:30,72.84
7/5/2017 18:00,72.84
7/5/2017 18:30,72.84
7/5/2017 19:00,72.84
7/5/2017 19:30,72.805
7/5/2017 20:00,72.77
7/5/2017 20:30,72.74
7/5/2017 21:00,72.71
7/5/2017 21:30,72.74
7/5/2017 22:00,72.77
7/5/2017 22:30,72.77
7/5/2017 23:00,72.77
7/5/2017 23:30,72.74
7/6/2017 0:00,72.71
7/6/2017 0:30,72.74
7/6/2017 1:00,72.77
7/6/2017 1:30,72.77
7/6/2017 2:00,72.77
7/6/2017 2:30,72.805
7/6/2017 3:00,72.84
7/6/2017 3:30,72.84
7/6/2017 4:00,72.84
7/6/2017 4:30,72.84
7/6/2017 5:00,72.84
7/6/2017 5:30,72.87
7/6/2017 6:00,72.9
7/6/2017 6:30,72.9
7/6/2017 7:00,72.9
7/6/2017 7:30,72.9
7/6/2017 8:00,72.9
7/6/2017 8:30,72.9
7/6/2017 9:00,72.9
7/6/2017 9:30,72.9
7/6/2017 10:00,72.9
7/6/2017 10:30,72.87
7/6/2017 11:00,72.84
7/6/2017 11:30,72.84
7/6/2017 12:00,72.84
7/6/2017 12:30,72.805
7/6/2017 13:00,72.77
7/6/2017 13:30,72.705
7/6/2017 14:00,72.64
7/6/2017 14:30,72.58
7/6/2017 15:00,72.52
7/6/2017 15:30,72.455
7/6/2017 16:00,72.39
7/6/2017 16:30,72.325
7/6/2017 17:00,72.26
7/6/2017 17:30,72.195
7/6/2017 18:00,72.13
7/6/2017 18:30,72.1
7/6/2017 19:00,72.07
7/6/2017 19:30,72.005
7/6/2017 20:00,71.94
7/6/2017 20:30,71.905
7/6/2017 21:00,71.87
7/6/2017 21:30,71.84
7/6/2017 22:00,71.81
7/6/2017 22:30,71.81
7/6/2017 23:00,71.81
7/6/2017 23:30,71.81
7/7/2017 0:00,71.81
7/7/2017 0:30,71.775
7/7/2017 1:00,71.74
7/7/2017 1:30,71.58
7/7/2017 2:00,71.42
7/7/2017 2:30,71.455
7/7/2017 3:00,71.49
7/7/2017 3:30,71.52
7/7/2017 4:00,71.55
7/7/2017 4:30,71.585
7/7/2017 5:00,71.62
7/7/2017 5:30,71.65
7/7/2017 6:00,71.68
7/7/2017 6:30,71.68
7/7/2017 7:00,71.68
7/7/2017 7:30,71.68
7/7/2017 8:00,71.68
7/7/2017 8:30,71.71
7/7/2017 9:00,71.74
7/7/2017 9:30,71.68
7/7/2017 10:00,71.62
7/7/2017 10:30,71.14
7/7/2017 11:00,70.66
7/7/2017 11:30,70.63
7/7/2017 12:00,70.6
7/7/2017 12:30,70.6
7/7/2017 13:00,70.6
7/7/2017 13:30,70.565
7/7/2017 14:00,70.53
7/7/2017 14:30,70.53
7/7/2017 15:00,70.53
7/7/2017 15:30,70.465
7/7/2017 16:00,70.4
7/7/2017 16:30,70.4
7/7/2017 17:00,70.4
7/7/2017 17:30,70.37
7/7/2017 18:00,70.34
7/7/2017 18:30,70.34
7/7/2017 19:00,70.34
7/7/2017 19:30,70.37
7/7/2017 20:00,70.4
7/7/2017 20:30,70.305
7/7/2017 21:00,70.21
7/7/2017 21:30,70.21
7/7/2017 22:00,70.21
7/7/2017 22:30,70.18
7/7/2017 23:00,70.15
7/7/2017 23:30,70.15
7/8/2017 0:00,70.15
7/8/2017 0:30,70.12
7/8/2017 1:00,70.09
7/8/2017 1:30,70.09
7/8/2017 2:00,70.09
7/8/2017 2:30,70.09
7/8/2017 3:00,70.09
7/8/2017 3:30,70.09
7/8/2017 4:00,70.09
7/8/2017 4:30,70.12
7/8/2017 5:00,70.15
7/8/2017 5:30,70.15
7/8/2017 6:00,70.15
7/8/2017 6:30,70.15
7/8/2017 7:00,70.15
7/8/2017 7:30,70.15
7/8/2017 8:00,70.15
7/8/2017 8:30,70.18
7/8/2017 9:00,70.21
7/8/2017 9:30,70.18
7/8/2017 10:00,70.15
7/8/2017 10:30,70.15
7/8/2017 11:00,70.15
7/8/2017 11:30,70.15
7/8/2017 12:00,70.15
7/8/2017 12:30,70.085
7/8/2017 13:00,70.02
7/8/2017 13:30,69.99
7/8/2017 14:00,69.96
7/8/2017 14:30,69.93
7/8/2017 15:00,69.9
7/8/2017 15:30,69.71
7/8/2017 16:00,69.52
7/8/2017 16:30,69.455
7/8/2017 17:00,69.39
7/8/2017 17:30,69.325
7/8/2017 18:00,69.26
7/8/2017 18:30,69.23
7/8/2017 19:00,69.2
7/8/2017 19:30,69.135
7/8/2017 20:00,69.07
7/8/2017 20:30,69.01
7/8/2017 21:00,68.95
7/8/2017 21:30,68.92
7/8/2017 22:00,68.89
7/8/2017 22:30,68.89
7/8/2017 23:00,68.89
7/8/2017 23:30,68.92
7/9/2017 0:00,68.95
7/9/2017 0:30,68.95
7/9/2017 1:00,68.95
7/9/2017 1:30,68.95
7/9/2017 2:00,68.95
7/9/2017 2:30,68.95
7/9/2017 3:00,68.95
7/9/2017 3:30,68.92
7/9/2017 4:00,68.89
7/9/2017 4:30,68.89
7/9/2017 5:00,68.89
7/9/2017 5:30,68.92
7/9/2017 6:00,68.95
7/9/2017 6:30,68.92
7/9/2017 7:00,68.89
7/9/2017 7:30,68.92
7/9/2017 8:00,68.95
7/9/2017 8:30,68.95
7/9/2017 9:00,68.95
7/9/2017 9:30,68.95
7/9/2017 10:00,68.95
7/9/2017 10:30,68.95
7/9/2017 11:00,68.95
7/9/2017 11:30,68.92
7/9/2017 12:00,68.89
7/9/2017 12:30,68.89
7/9/2017 13:00,68.89
7/9/2017 13:30,68.89
7/9/2017 14:00,68.89
7/9/2017 14:30,68.795
7/9/2017 15:00,68.7
7/9/2017 15:30,68.635
7/9/2017 16:00,68.57
7/9/2017 16:30,68.51
7/9/2017 17:00,68.45
7/9/2017 17:30,68.415
7/9/2017 18:00,68.38
7/9/2017 18:30,68.225
7/9/2017 19:00,68.07
7/9/2017 19:30,68.005
7/9/2017 20:00,67.94
7/9/2017 20:30,67.88
7/9/2017 21:00,67.82
7/9/2017 21:30,67.79
7/9/2017 22:00,67.76
7/9/2017 22:30,67.725
7/9/2017 23:00,67.69
7/9/2017 23:30,67.725
7/10/2017 0:00,67.76
7/10/2017 0:30,67.76
7/10/2017 1:00,67.76
7/10/2017 1:30,67.76
7/10/2017 2:00,67.76
7/10/2017 2:30,67.76
7/10/2017 3:00,67.76
7/10/2017 3:30,67.76
7/10/2017 4:00,67.76
7/10/2017 4:30,67.76
7/10/2017 5:00,67.76
7/10/2017 5:30,67.76
7/10/2017 6:00,67.76
7/10/2017 6:30,67.76
7/10/2017 7:00,67.76
7/10/2017 7:30,67.76
7/10/2017 8:00,67.76
7/10/2017 8:30,67.76
7/10/2017 9:00,67.76
7/10/2017 9:30,67.79
7/10/2017 10:00,67.82
7/10/2017 10:30,67.79
7/10/2017 11:00,67.76
7/10/2017 11:30,67.695
7/10/2017 12:00,67.63
7/10/2017 12:30,67.57
7/10/2017 13:00,67.51
7/10/2017 13:30,67.475
7/10/2017 14:00,67.44
7/10/2017 14:30,67.35
7/10/2017 15:00,67.26
7/10/2017 15:30,67.195
7/10/2017 16:00,67.13
7/10/2017 16:30,66.975
7/10/2017 17:00,66.82
7/10/2017 17:30,66.73
7/10/2017 18:00,66.64
7/10/2017 18:30,66.575
7/10/2017 19:00,66.51
7/10/2017 19:30,66.42
7/10/2017 20:00,66.33
7/10/2017 20:30,66.295
7/10/2017 21:00,66.26
7/10/2017 21:30,66.26
7/10/2017 22:00,66.26
7/10/2017 22:30,66.23
7/10/2017 23:00,66.2
7/10/2017 23:30,66.17
7/11/2017 0:00,66.14
7/11/2017 0:30,66.14
7/11/2017 1:00,66.14
7/11/2017 1:30,66.14
7/11/2017 2:00,66.14
7/11/2017 2:30,66.14
7/11/2017 3:00,66.14
7/11/2017 3:30,66.14
7/11/2017 4:00,66.14
7/11/2017 4:30,66.14
7/11/2017 5:00,66.14
7/11/2017 5:30,66.14
7/11/2017 6:00,66.14
7/11/2017 6:30,66.14
7/11/2017 7:00,66.14
7/11/2017 7:30,66.14
7/11/2017 8:00,66.14
7/11/2017 8:30,66.14
7/11/2017 9:00,66.14
7/11/2017 9:30,66.14
7/11/2017 10:00,66.14
7/11/2017 10:30,66.11
7/11/2017 11:00,66.08
7/11/2017 11:30,66.08
7/11/2017 12:00,66.08
7/11/2017 12:30,66.02
7/11/2017 13:00,65.96
7/11/2017 13:30,65.925
7/11/2017 14:00,65.89
7/11/2017 14:30,65.83
7/11/2017 15:00,65.77
7/11/2017 15:30,65.71
7/11/2017 16:00,65.65
7/11/2017 16:30,65.585
7/11/2017 17:00,65.52
7/11/2017 17:30,65.43
7/11/2017 18:00,65.34
7/11/2017 18:30,65.215
7/11/2017 19:00,65.09
7/11/2017 19:30,65.06
7/11/2017 20:00,65.03
7/11/2017 20:30,65
7/11/2017 21:00,64.97
7/11/2017 21:30,64.94
7/11/2017 22:00,64.91
7/11/2017 22:30,64.91
7/11/2017 23:00,64.91
7/11/2017 23:30,64.88
7/12/2017 0:00,64.85
7/12/2017 0:30,64.85
7/12/2017 1:00,64.85
7/12/2017 1:30,64.85
7/12/2017 2:00,64.85
7/12/2017 2:30,64.755
7/12/2017 3:00,64.66
7/12/2017 3:30,64.42
7/12/2017 4:00,64.18
7/12/2017 4:30,64.15
7/12/2017 5:00,64.12
7/12/2017 5:30,64.12
7/12/2017 6:00,64.12
7/12/2017 6:30,64.12
7/12/2017 7:00,64.12
7/12/2017 7:30,64.12
7/12/2017 8:00,64.12
7/12/2017 8:30,64.12
7/12/2017 9:00,64.12
7/12/2017 9:30,64.12
7/12/2017 10:00,64.12
7/12/2017 10:30,64.12
7/12/2017 11:00,64.12
7/12/2017 11:30,64.085
7/12/2017 12:00,64.05
7/12/2017 12:30,63.085
7/12/2017 13:00,62.12
7/12/2017 13:30,62.03
7/12/2017 14:00,61.94
7/12/2017 14:30,61.85
7/12/2017 15:00,61.76
7/12/2017 15:30,61.67
7/12/2017 16:00,61.58
7/12/2017 16:30,61.37
7/12/2017 17:00,61.16
7/12/2017 17:30,61.1
7/12/2017 18:00,61.04
7/12/2017 18:30,60.92
7/12/2017 19:00,60.8
7/12/2017 19:30,60.74
7/12/2017 20:00,60.68
7/12/2017 20:30,60.62
7/12/2017 21:00,60.56
7/12/2017 21:30,60.5
7/12/2017 22:00,60.44
7/12/2017 22:30,60.41
7/12/2017 23:00,60.38
7/12/2017 23:30,60.325
7/13/2017 0:00,60.27
7/13/2017 0:30,60.27
7/13/2017 1:00,60.27
7/13/2017 1:30,60.24
7/13/2017 2:00,60.21
7/13/2017 2:30,60.18
7/13/2017 3:00,60.15
7/13/2017 3:30,60.15
7/13/2017 4:00,60.15
7/13/2017 4:30,60.15
7/13/2017 5:00,60.15
7/13/2017 5:30,60.15
7/13/2017 6:00,60.15
7/13/2017 6:30,60.15
7/13/2017 7:00,60.15
7/13/2017 7:30,60.18
7/13/2017 8:00,60.21
7/13/2017 8:30,60.21
7/13/2017 9:00,60.21
7/13/2017 9:30,60.21
7/13/2017 10:00,60.21
7/13/2017 10:30,60.18
7/13/2017 11:00,60.15
7/13/2017 11:30,60.12
7/13/2017 12:00,60.09
7/13/2017 12:30,60.06
7/13/2017 13:00,60.03
7/13/2017 13:30,59.97
7/13/2017 14:00,59.91
7/13/2017 14:30,59.88
7/13/2017 15:00,59.85
7/13/2017 15:30,59.76
7/13/2017 16:00,59.67
7/13/2017 16:30,59.615
7/13/2017 17:00,59.56
7/13/2017 17:30,59.47
7/13/2017 18:00,59.38
7/13/2017 18:30,59.32
7/13/2017 19:00,59.26
7/13/2017 19:30,59.2
7/13/2017 20:00,59.14
7/13/2017 20:30,59.11
7/13/2017 21:00,59.08
7/13/2017 21:30,58.965
7/13/2017 22:00,58.85
7/13/2017 22:30,58.82
7/13/2017 23:00,58.79
7/13/2017 23:30,58.76
7/14/2017 0:00,58.73
7/14/2017 0:30,58.73
7/14/2017 1:00,58.73
7/14/2017 1:30,58.73
7/14/2017 2:00,58.73
7/14/2017 2:30,58.73
7/14/2017 3:00,58.73
7/14/2017 3:30,58.73
7/14/2017 4:00,58.73
7/14/2017 4:30,58.73
7/14/2017 5:00,58.73
7/14/2017 5:30,58.73
7/14/2017 6:00,58.73
7/14/2017 6:30,58.73
7/14/2017 7:00,58.73
7/14/2017 7:30,58.76
7/14/2017 8:00,58.79
7/14/2017 8:30,58.79
7/14/2017 9:00,58.79
7/14/2017 9:30,58.79
7/14/2017 10:00,58.79
7/14/2017 10:30,58.73
7/14/2017 11:00,58.67
7/14/2017 11:30,58.64
7/14/2017 12:00,58.61
7/14/2017 12:30,58.495
7/14/2017 13:00,58.38
7/14/2017 13:30,58.295
7/14/2017 14:00,58.21
7/14/2017 14:30,58.12
7/14/2017 15:00,58.03
7/14/2017 15:30,57.97
7/14/2017 16:00,57.91
7/14/2017 16:30,57.825
7/14/2017 17:00,57.74
7/14/2017 17:30,57.68
7/14/2017 18:00,57.62
7/14/2017 18:30,57.565
7/14/2017 19:00,57.51
7/14/2017 19:30,57.45
7/14/2017 20:00,57.39
7/14/2017 20:30,57.36
7/14/2017 21:00,57.33
7/14/2017 21:30,57.275
7/14/2017 22:00,57.22
7/14/2017 22:30,57.13
7/14/2017 23:00,57.04
7/14/2017 23:30,57.04
7/15/2017 0:00,57.04
7/15/2017 0:30,57.04
7/15/2017 1:00,57.04
7/15/2017 1:30,57.04
7/15/2017 2:00,57.04
7/15/2017 2:30,57.04
7/15/2017 3:00,57.04
7/15/2017 3:30,57.04
7/15/2017 4:00,57.04
7/15/2017 4:30,57.04
7/15/2017 5:00,57.04
7/15/2017 5:30,57.04
7/15/2017 6:00,57.04
7/15/2017 6:30,57.04
7/15/2017 7:00,57.04
7/15/2017 7:30,57.04
7/15/2017 8:00,57.04
7/15/2017 8:30,57.04
7/15/2017 9:00,57.04
7/15/2017 9:30,57.04
7/15/2017 10:00,57.04
7/15/2017 10:30,57.01
7/15/2017 11:00,56.98
7/15/2017 11:30,56.955
7/15/2017 12:00,56.93
7/15/2017 12:30,56.87
7/15/2017 13:00,56.81
7/15/2017 13:30,56.87
7/15/2017 14:00,56.93
7/15/2017 14:30,56.985
7/15/2017 15:00,57.04
7/15/2017 15:30,57.04
7/15/2017 16:00,57.04
7/15/2017 16:30,57.04
7/15/2017 17:00,57.04
7/15/2017 17:30,57.01
7/15/2017 18:00,56.98
7/15/2017 18:30,56.98
7/15/2017 19:00,56.98
7/15/2017 19:30,56.98
7/15/2017 20:00,56.98
7/15/2017 20:30,56.925
7/15/2017 21:00,56.87
7/15/2017 21:30,56.84
7/15/2017 22:00,56.81
7/15/2017 22:30,56.81
7/15/2017 23:00,56.81
7/15/2017 23:30,56.81
7/16/2017 0:00,56.81
7/16/2017 0:30,56.78
7/16/2017 1:00,56.75
7/16/2017 1:30,56.78
7/16/2017 2:00,56.81
7/16/2017 2:30,56.81
7/16/2017 3:00,56.81
7/16/2017 3:30,56.81
7/16/2017 4:00,56.81
7/16/2017 4:30,56.81
7/16/2017 5:00,56.81
7/16/2017 5:30,56.81
7/16/2017 6:00,56.81
7/16/2017 6:30,56.81
7/16/2017 7:00,56.81
7/16/2017 7:30,56.81
7/16/2017 8:00,56.81
7/16/2017 8:30,56.81
7/16/2017 9:00,56.81
7/16/2017 9:30,56.81
7/16/2017 10:00,56.81
7/16/2017 10:30,56.78
7/16/2017 11:00,56.75
7/16/2017 11:30,56.75
7/16/2017 12:00,56.75
7/16/2017 12:30,56.725
7/16/2017 13:00,56.7
7/16/2017 13:30,56.61
7/16/2017 14:00,56.52
7/16/2017 14:30,56.435
7/16/2017 15:00,56.35
7/16/2017 15:30,56.29
7/16/2017 16:00,56.23
7/16/2017 16:30,56.175
7/16/2017 17:00,56.12
7/16/2017 17:30,56.09
7/16/2017 18:00,56.06
7/16/2017 18:30,56.03
7/16/2017 19:00,56
7/16/2017 19:30,55.915
7/16/2017 20:00,55.83
7/16/2017 20:30,55.8
7/16/2017 21:00,55.77
7/16/2017 21:30,55.745
7/16/2017 22:00,55.72
7/16/2017 22:30,55.72
7/16/2017 23:00,55.72
7/16/2017 23:30,55.66
7/17/2017 0:00,55.6
7/17/2017 0:30,55.6
7/17/2017 1:00,55.6
7/17/2017 1:30,55.6
7/17/2017 2:00,55.6
7/17/2017 2:30,55.6
7/17/2017 3:00,55.6
7/17/2017 3:30,55.6
7/17/2017 4:00,55.6
7/17/2017 4:30,55.6
7/17/2017 5:00,55.6
7/17/2017 5:30,55.6
7/17/2017 6:00,55.6
7/17/2017 6:30,55.63
7/17/2017 7:00,55.66
7/17/2017 7:30,55.66
7/17/2017 8:00,55.66
7/17/2017 8:30,55.66
7/17/2017 9:00,55.66
7/17/2017 9:30,55.66
7/17/2017 10:00,55.66
7/17/2017 10:30,55.63
7/17/2017 11:00,55.6
7/17/2017 11:30,55.575
7/17/2017 12:00,55.55
7/17/2017 12:30,55.49
7/17/2017 13:00,55.43
7/17/2017 13:30,55.375
7/17/2017 14:00,55.32
7/17/2017 14:30,55.26
7/17/2017 15:00,55.2
7/17/2017 15:30,55.145
7/17/2017 16:00,55.09
7/17/2017 16:30,54.975
7/17/2017 17:00,54.86
7/17/2017 17:30,54.805
7/17/2017 18:00,54.75
7/17/2017 18:30,54.69
7/17/2017 19:00,54.63
7/17/2017 19:30,54.605
7/17/2017 20:00,54.58
7/17/2017 20:30,54.55
7/17/2017 21:00,54.52
7/17/2017 21:30,54.49
7/17/2017 22:00,54.46
7/17/2017 22:30,54.435
7/17/2017 23:00,54.41
7/17/2017 23:30,54.38
7/18/2017 0:00,54.35
7/18/2017 0:30,54.32
7/18/2017 1:00,54.29
7/18/2017 1:30,54.32
7/18/2017 2:00,54.35
7/18/2017 2:30,54.32
7/18/2017 3:00,54.29
7/18/2017 3:30,54.29
7/18/2017 4:00,54.29
7/18/2017 4:30,54.32
7/18/2017 5:00,54.35
7/18/2017 5:30,54.35
7/18/2017 6:00,54.35
7/18/2017 6:30,54.32
7/18/2017 7:00,54.29
7/18/2017 7:30,54.29
7/18/2017 8:00,54.29
7/18/2017 8:30,54.32
7/18/2017 9:00,54.35
7/18/2017 9:30,54.32
7/18/2017 10:00,54.29
7/18/2017 10:30,54.265
7/18/2017 11:00,54.24
7/18/2017 11:30,54.24
7/18/2017 12:00,54.24
7/18/2017 12:30,54.21
7/18/2017 13:00,54.18
7/18/2017 13:30,54.15
7/18/2017 14:00,54.12
7/18/2017 14:30,54.065
7/18/2017 15:00,54.01
7/18/2017 15:30,53.955
7/18/2017 16:00,53.9
7/18/2017 16:30,53.84
7/18/2017 17:00,53.78
7/18/2017 17:30,53.695
7/18/2017 18:00,53.61
7/18/2017 18:30,53.585
7/18/2017 19:00,53.56
7/18/2017 19:30,53.475
7/18/2017 20:00,53.39
7/18/2017 20:30,53.39
7/18/2017 21:00,53.39
7/18/2017 21:30,53.335
7/18/2017 22:00,53.28
7/18/2017 22:30,53.25
7/18/2017 23:00,53.22
7/18/2017 23:30,53.25
7/19/2017 0:00,53.28
7/19/2017 0:30,53.25
7/19/2017 1:00,53.22
7/19/2017 1:30,53.22
7/19/2017 2:00,53.22
7/19/2017 2:30,53.22
7/19/2017 3:00,53.22
7/19/2017 3:30,53.22
7/19/2017 4:00,53.22
7/19/2017 4:30,53.22
7/19/2017 5:00,53.22
7/19/2017 5:30,53.22
7/19/2017 6:00,53.22
7/19/2017 6:30,53.19
7/19/2017 7:00,53.16
7/19/2017 7:30,53.16
7/19/2017 8:00,53.16
7/19/2017 8:30,53.16
7/19/2017 9:00,53.16
7/19/2017 9:30,53.16
7/19/2017 10:00,53.16
7/19/2017 10:30,53.16
7/19/2017 11:00,53.16
7/19/2017 11:30,53.135
7/19/2017 12:00,53.11
7/19/2017 12:30,53.055
7/19/2017 13:00,53
7/19/2017 13:30,52.97
7/19/2017 14:00,52.94
7/19/2017 14:30,52.855
7/19/2017 15:00,52.77
7/19/2017 15:30,52.745
7/19/2017 16:00,52.72
7/19/2017 16:30,52.635
7/19/2017 17:00,52.55
7/19/2017 17:30,52.465
7/19/2017 18:00,52.38
7/19/2017 18:30,52.295
7/19/2017 19:00,52.21
7/19/2017 19:30,52.155
7/19/2017 20:00,52.1
7/19/2017 20:30,52.075
7/19/2017 21:00,52.05
7/19/2017 21:30,51.995
7/19/2017 22:00,51.94
7/19/2017 22:30,51.94
7/19/2017 23:00,51.94
7/19/2017 23:30,51.88
7/20/2017 0:00,51.82
7/20/2017 0:30,51.82
7/20/2017 1:00,51.82
7/20/2017 1:30,51.795
7/20/2017 2:00,51.77
7/20/2017 2:30,51.77
7/20/2017 3:00,51.77
7/20/2017 3:30,51.77
7/20/2017 4:00,51.77
7/20/2017 4:30,51.74
7/20/2017 5:00,51.71
7/20/2017 5:30,51.74
7/20/2017 6:00,51.77
7/20/2017 6:30,51.77
7/20/2017 7:00,51.77
7/20/2017 7:30,51.795
7/20/2017 8:00,51.82
7/20/2017 8:30,51.82
7/20/2017 9:00,51.82
7/20/2017 9:30,51.795
7/20/2017 10:00,51.77
7/20/2017 10:30,51.74
7/20/2017 11:00,51.71
7/20/2017 11:30,51.685
7/20/2017 12:00,51.66
7/20/2017 12:30,51.63
7/20/2017 13:00,51.6
7/20/2017 13:30,51.575
7/20/2017 14:00,51.55
7/20/2017 14:30,51.52
7/20/2017 15:00,51.49
7/20/2017 15:30,51.465
7/20/2017 16:00,51.44
7/20/2017 16:30,51.385
7/20/2017 17:00,51.33
7/20/2017 17:30,51.3
7/20/2017 18:00,51.27
7/20/2017 18:30,51.215
7/20/2017 19:00,51.16
7/20/2017 19:30,51.16
7/20/2017 20:00,51.16
7/20/2017 20:30,51.16
7/20/2017 21:00,51.16
7/20/2017 21:30,51.13
7/20/2017 22:00,51.1
7/20/2017 22:30,51.1
7/20/2017 23:00,51.1
7/20/2017 23:30,51.13
7/21/2017 0:00,51.16
7/21/2017 0:30,51.52
7/21/2017 1:00,51.88
7/21/2017 1:30,52.325
7/21/2017 2:00,52.77
7/21/2017 2:30,52.825
7/21/2017 3:00,52.88
7/21/2017 3:30,53.02
7/21/2017 4:00,53.16
7/21/2017 4:30,53.445
7/21/2017 5:00,53.73
7/21/2017 5:30,54.155
7/21/2017 6:00,54.58
7/21/2017 6:30,54.805
7/21/2017 7:00,55.03
7/21/2017 7:30,55.49
7/21/2017 8:00,55.95
7/21/2017 8:30,56.585
7/21/2017 9:00,57.22
7/21/2017 9:30,58.33
7/21/2017 10:00,59.44
7/21/2017 10:30,59.885
7/21/2017 11:00,60.33
7/21/2017 11:30,60.505
7/21/2017 12:00,60.68
7/21/2017 12:30,61.16
7/21/2017 13:00,61.64
7/21/2017 13:30,61.91
7/21/2017 14:00,62.18
7/21/2017 14:30,62.18
7/21/2017 15:00,62.18
7/21/2017 15:30,62.21
7/21/2017 16:00,62.24
7/21/2017 16:30,62.42
7/21/2017 17:00,62.6
7/21/2017 17:30,62.75
7/21/2017 18:00,62.9
7/21/2017 18:30,62.9
7/21/2017 19:00,62.9
7/21/2017 19:30,62.9
7/21/2017 20:00,62.9
7/21/2017 20:30,62.9
7/21/2017 21:00,62.9
7/21/2017 21:30,62.87
7/21/2017 22:00,62.84
7/21/2017 22:30,62.84
7/21/2017 23:00,62.84
7/21/2017 23:30,62.84
7/22/2017 0:00,62.84
7/22/2017 0:30,62.84
7/22/2017 1:00,62.84
7/22/2017 1:30,62.84
7/22/2017 2:00,62.84
7/22/2017 2:30,62.84
7/22/2017 3:00,62.84
7/22/2017 3:30,62.87
7/22/2017 4:00,62.9
7/22/2017 4:30,62.9
7/22/2017 5:00,62.9
7/22/2017 5:30,62.9
7/22/2017 6:00,62.9
7/22/2017 6:30,62.93
7/22/2017 7:00,62.96
7/22/2017 7:30,62.96
7/22/2017 8:00,62.96
7/22/2017 8:30,62.96
7/22/2017 9:00,62.96
7/22/2017 9:30,62.96
7/22/2017 10:00,62.96
7/22/2017 10:30,62.96
7/22/2017 11:00,62.96
7/22/2017 11:30,62.9
7/22/2017 12:00,62.84
7/22/2017 12:30,62.81
7/22/2017 13:00,62.78
7/22/2017 13:30,62.75
7/22/2017 14:00,62.72
7/22/2017 14:30,62.69
7/22/2017 15:00,62.66
7/22/2017 15:30,62.6
7/22/2017 16:00,62.54
7/22/2017 16:30,62.54
7/22/2017 17:00,62.54
7/22/2017 17:30,62.54
7/22/2017 18:00,62.54
7/22/2017 18:30,62.57
7/22/2017 19:00,62.6
7/22/2017 19:30,62.66
7/22/2017 20:00,62.72
7/22/2017 20:30,63.02
7/22/2017 21:00,63.32
7/22/2017 21:30,63.565
7/22/2017 22:00,63.81
7/22/2017 22:30,63.9
7/22/2017 23:00,63.99
7/22/2017 23:30,64.02
7/23/2017 0:00,64.05
7/23/2017 0:30,64.175
7/23/2017 1:00,64.3
7/23/2017 1:30,64.33
7/23/2017 2:00,64.36
7/23/2017 2:30,64.39
7/23/2017 3:00,64.42
7/23/2017 3:30,64.42
7/23/2017 4:00,64.42
7/23/2017 4:30,64.45
7/23/2017 5:00,64.48
7/23/2017 5:30,64.48
7/23/2017 6:00,64.48
7/23/2017 6:30,64.51
7/23/2017 7:00,64.54
7/23/2017 7:30,64.54
7/23/2017 8:00,64.54
7/23/2017 8:30,64.54
7/23/2017 9:00,64.54
7/23/2017 9:30,64.54
7/23/2017 10:00,64.54
7/23/2017 10:30,64.54
7/23/2017 11:00,64.54
7/23/2017 11:30,64.54
7/23/2017 12:00,64.54
7/23/2017 12:30,64.51
7/23/2017 13:00,64.48
7/23/2017 13:30,64.45
7/23/2017 14:00,64.42
7/23/2017 14:30,64.42
7/23/2017 15:00,64.42
7/23/2017 15:30,64.36
7/23/2017 16:00,64.3
7/23/2017 16:30,64.3
7/23/2017 17:00,64.3
7/23/2017 17:30,64.3
7/23/2017 18:00,64.3
7/23/2017 18:30,64.27
7/23/2017 19:00,64.24
7/23/2017 19:30,64.24
7/23/2017 20:00,64.24
7/23/2017 20:30,64.21
7/23/2017 21:00,64.18
7/23/2017 21:30,64.18
7/23/2017 22:00,64.18
7/23/2017 22:30,64.18
7/23/2017 23:00,64.18
7/23/2017 23:30,64.18
7/24/2017 0:00,64.18
7/24/2017 0:30,64.21
7/24/2017 1:00,64.24
7/24/2017 1:30,64.27
7/24/2017 2:00,64.3
7/24/2017 2:30,64.3
7/24/2017 3:00,64.3
7/24/2017 3:30,64.33
7/24/2017 4:00,64.36
7/24/2017 4:30,64.33
7/24/2017 5:00,64.3
7/24/2017 5:30,64.3
7/24/2017 6:00,64.3
7/24/2017 6:30,64.45
7/24/2017 7:00,64.6
7/24/2017 7:30,65.125
7/24/2017 8:00,65.65
7/24/2017 8:30,65.865
7/24/2017 9:00,66.08
7/24/2017 9:30,66.295
7/24/2017 10:00,66.51
7/24/2017 10:30,66.665
7/24/2017 11:00,66.82
7/24/2017 11:30,66.915
7/24/2017 12:00,67.01
7/24/2017 12:30,67.135
7/24/2017 13:00,67.26
7/24/2017 13:30,67.385
7/24/2017 14:00,67.51
7/24/2017 14:30,68.325
7/24/2017 15:00,69.14
7/24/2017 15:30,69.58
7/24/2017 16:00,70.02
7/24/2017 16:30,70.02
7/24/2017 17:00,70.02
7/24/2017 17:30,70.055
7/24/2017 18:00,70.09
7/24/2017 18:30,70.09
7/24/2017 19:00,70.09
7/24/2017 19:30,70.09
7/24/2017 20:00,70.09
7/24/2017 20:30,70.12
7/24/2017 21:00,70.15
7/24/2017 21:30,70.15
7/24/2017 22:00,70.15
7/24/2017 22:30,70.275
7/24/2017 23:00,70.4
7/24/2017 23:30,70.465
7/25/2017 0:00,70.53
7/25/2017 0:30,70.595
7/25/2017 1:00,70.66
7/25/2017 1:30,70.69
7/25/2017 2:00,70.72
7/25/2017 2:30,70.755
7/25/2017 3:00,70.79
7/25/2017 3:30,70.82
7/25/2017 4:00,70.85
7/25/2017 4:30,70.88
7/25/2017 5:00,70.91
7/25/2017 5:30,70.975
7/25/2017 6:00,71.04
7/25/2017 6:30,71.04
7/25/2017 7:00,71.04
7/25/2017 7:30,71.075
7/25/2017 8:00,71.11
7/25/2017 8:30,71.11
7/25/2017 9:00,71.11
7/25/2017 9:30,71.075
7/25/2017 10:00,71.04
7/25/2017 10:30,71.04
7/25/2017 11:00,71.04
7/25/2017 11:30,71.04
7/25/2017 12:00,71.04
7/25/2017 12:30,71.01
7/25/2017 13:00,70.98
7/25/2017 13:30,70.98
7/25/2017 14:00,70.98
7/25/2017 14:30,70.945
7/25/2017 15:00,70.91
7/25/2017 15:30,70.88
7/25/2017 16:00,70.85
7/25/2017 16:30,70.82
7/25/2017 17:00,70.79
7/25/2017 17:30,70.79
7/25/2017 18:00,70.79
7/25/2017 18:30,70.755
7/25/2017 19:00,70.72
7/25/2017 19:30,70.72
7/25/2017 20:00,70.72
7/25/2017 20:30,70.69
7/25/2017 21:00,70.66
7/25/2017 21:30,70.66
7/25/2017 22:00,70.66
7/25/2017 22:30,70.66
7/25/2017 23:00,70.66
7/25/2017 23:30,70.66
7/26/2017 0:00,70.66
7/26/2017 0:30,70.66
7/26/2017 1:00,70.66
7/26/2017 1:30,70.69
7/26/2017 2:00,70.72
7/26/2017 2:30,70.72
7/26/2017 3:00,70.72
7/26/2017 3:30,70.72
7/26/2017 4:00,70.72
7/26/2017 4:30,70.72
7/26/2017 5:00,70.72
7/26/2017 5:30,70.72
7/26/2017 6:00,70.72
7/26/2017 6:30,70.755
7/26/2017 7:00,70.79
7/26/2017 7:30,70.79
7/26/2017 8:00,70.79
7/26/2017 8:30,70.79
7/26/2017 9:00,70.79
7/26/2017 9:30,70.79
7/26/2017 10:00,70.79
7/26/2017 10:30,70.79
7/26/2017 11:00,70.79
7/26/2017 11:30,70.79
7/26/2017 12:00,70.79
7/26/2017 12:30,70.755
7/26/2017 13:00,70.72
7/26/2017 13:30,70.69
7/26/2017 14:00,70.66
7/26/2017 14:30,70.63
7/26/2017 15:00,70.6
7/26/2017 15:30,70.535
7/26/2017 16:00,70.47
7/26/2017 16:30,70.435
7/26/2017 17:00,70.4
7/26/2017 17:30,70.37
7/26/2017 18:00,70.34
7/26/2017 18:30,70.34
7/26/2017 19:00,70.34
7/26/2017 19:30,70.34
7/26/2017 20:00,70.34
7/26/2017 20:30,70.31
7/26/2017 21:00,70.28
7/26/2017 21:30,70.31
7/26/2017 22:00,70.34
7/26/2017 22:30,70.31
7/26/2017 23:00,70.28
7/26/2017 23:30,70.28
7/27/2017 0:00,70.28
7/27/2017 0:30,70.28
7/27/2017 1:00,70.28
7/27/2017 1:30,70.28
7/27/2017 2:00,70.28
7/27/2017 2:30,70.28
7/27/2017 3:00,70.28
7/27/2017 3:30,70.28
7/27/2017 4:00,70.28
7/27/2017 4:30,70.28
7/27/2017 5:00,70.28
7/27/2017 5:30,70.28
7/27/2017 6:00,70.28
7/27/2017 6:30,70.28
7/27/2017 7:00,70.28
7/27/2017 7:30,70.31
7/27/2017 8:00,70.34
7/27/2017 8:30,70.34
7/27/2017 9:00,70.34
7/27/2017 9:30,70.31
7/27/2017 10:00,70.28
7/27/2017 10:30,70.31
7/27/2017 11:00,70.34
7/27/2017 11:30,70.34
7/27/2017 12:00,70.34
7/27/2017 12:30,70.31
7/27/2017 13:00,70.28
7/27/2017 13:30,70.28
7/27/2017 14:00,70.28
7/27/2017 14:30,70.245
7/27/2017 15:00,70.21
7/27/2017 15:30,70.21
7/27/2017 16:00,70.21
7/27/2017 16:30,70.21
7/27/2017 17:00,70.21
7/27/2017 17:30,70.18
7/27/2017 18:00,70.15
7/27/2017 18:30,70.15
7/27/2017 19:00,70.15
7/27/2017 19:30,70.15
7/27/2017 20:00,70.15
7/27/2017 20:30,70.12
7/27/2017 21:00,70.09
7/27/2017 21:30,70.12
7/27/2017 22:00,70.15
7/27/2017 22:30,70.12
7/27/2017 23:00,70.09
7/27/2017 23:30,70.09
7/28/2017 0:00,70.09
7/28/2017 0:30,70.09
7/28/2017 1:00,70.09
7/28/2017 1:30,70.09
7/28/2017 2:00,70.09
7/28/2017 2:30,70.09
7/28/2017 3:00,70.09
7/28/2017 3:30,70.09
7/28/2017 4:00,70.09
7/28/2017 4:30,70.12
7/28/2017 5:00,70.15
7/28/2017 5:30,70.12
7/28/2017 6:00,70.09
7/28/2017 6:30,70.09
7/28/2017 7:00,70.09
7/28/2017 7:30,70.09
7/28/2017 8:00,70.09
7/28/2017 8:30,70.09
7/28/2017 9:00,70.09
7/28/2017 9:30,70.09
7/28/2017 10:00,70.09
7/28/2017 10:30,70.09
7/28/2017 11:00,70.09
7/28/2017 11:30,70.09
7/28/2017 12:00,70.09
7/28/2017 12:30,70.055
7/28/2017 13:00,70.02
7/28/2017 13:30,70.02
7/28/2017 14:00,70.02
7/28/2017 14:30,69.99
7/28/2017 15:00,69.96
7/28/2017 15:30,69.96
7/28/2017 16:00,69.96
7/28/2017 16:30,69.93
7/28/2017 17:00,69.9
7/28/2017 17:30,69.865
7/28/2017 18:00,69.83
7/28/2017 18:30,69.77
7/28/2017 19:00,69.71
7/28/2017 19:30,69.645
7/28/2017 20:00,69.58
7/28/2017 20:30,69.55
7/28/2017 21:00,69.52
7/28/2017 21:30,69.485
7/28/2017 22:00,69.45
7/28/2017 22:30,69.45
7/28/2017 23:00,69.45
7/28/2017 23:30,69.42
7/29/2017 0:00,69.39
7/29/2017 0:30,69.39
7/29/2017 1:00,69.39
7/29/2017 1:30,69.42
7/29/2017 2:00,69.45
7/29/2017 2:30,69.485
7/29/2017 3:00,69.52
7/29/2017 3:30,69.52
7/29/2017 4:00,69.52
7/29/2017 4:30,69.52
7/29/2017 5:00,69.52
7/29/2017 5:30,69.52
7/29/2017 6:00,69.52
7/29/2017 6:30,69.52
7/29/2017 7:00,69.52
7/29/2017 7:30,69.52
7/29/2017 8:00,69.52
7/29/2017 8:30,69.55
7/29/2017 9:00,69.58
7/29/2017 9:30,69.58
7/29/2017 10:00,69.58
7/29/2017 10:30,69.55
7/29/2017 11:00,69.52
7/29/2017 11:30,69.52
7/29/2017 12:00,69.52
7/29/2017 12:30,69.485
7/29/2017 13:00,69.45
7/29/2017 13:30,69.39
7/29/2017 14:00,69.33
7/29/2017 14:30,69.295
7/29/2017 15:00,69.26
7/29/2017 15:30,69.23
7/29/2017 16:00,69.2
7/29/2017 16:30,69.17
7/29/2017 17:00,69.14
7/29/2017 17:30,69.075
7/29/2017 18:00,69.01
7/29/2017 18:30,68.95
7/29/2017 19:00,68.89
7/29/2017 19:30,68.825
7/29/2017 20:00,68.76
7/29/2017 20:30,68.76
7/29/2017 21:00,68.76
7/29/2017 21:30,68.76
7/29/2017 22:00,68.76
7/29/2017 22:30,68.73
7/29/2017 23:00,68.7
7/29/2017 23:30,68.7
7/30/2017 0:00,68.7
7/30/2017 0:30,68.7
7/30/2017 1:00,68.7
7/30/2017 1:30,68.7
7/30/2017 2:00,68.7
7/30/2017 2:30,68.7
7/30/2017 3:00,68.7
7/30/2017 3:30,68.7
7/30/2017 4:00,68.7
7/30/2017 4:30,68.665
7/30/2017 5:00,68.63
7/30/2017 5:30,68.63
7/30/2017 6:00,68.63
7/30/2017 6:30,68.63
7/30/2017 7:00,68.63
7/30/2017 7:30,68.665
7/30/2017 8:00,68.7
7/30/2017 8:30,68.7
7/30/2017 9:00,68.7
7/30/2017 9:30,68.7
7/30/2017 10:00,68.7
7/30/2017 10:30,68.665
7/30/2017 11:00,68.63
7/30/2017 11:30,68.63
7/30/2017 12:00,68.63
7/30/2017 12:30,68.6
7/30/2017 13:00,68.57
7/30/2017 13:30,68.57
7/30/2017 14:00,68.57
7/30/2017 14:30,68.54
7/30/2017 15:00,68.51
7/30/2017 15:30,68.48
7/30/2017 16:00,68.45
7/30/2017 16:30,68.45
7/30/2017 17:00,68.45
7/30/2017 17:30,68.415
7/30/2017 18:00,68.38
7/30/2017 18:30,68.35
7/30/2017 19:00,68.32
7/30/2017 19:30,68.32
7/30/2017 20:00,68.32
7/30/2017 20:30,68.32
7/30/2017 21:00,68.32
7/30/2017 21:30,68.32
7/30/2017 22:00,68.32
7/30/2017 22:30,68.29
7/30/2017 23:00,68.26
7/30/2017 23:30,68.29
7/31/2017 0:00,68.32
7/31/2017 0:30,68.29
7/31/2017 1:00,68.26
7/31/2017 1:30,68.29
7/31/2017 2:00,68.32
7/31/2017 2:30,68.32
7/31/2017 3:00,68.32
7/31/2017 3:30,68.32
7/31/2017 4:00,68.32
7/31/2017 4:30,68.32
7/31/2017 5:00,68.32
7/31/2017 5:30,68.32
7/31/2017 6:00,68.32
7/31/2017 6:30,68.32
7/31/2017 7:00,68.32
7/31/2017 7:30,68.32
7/31/2017 8:00,68.32
7/31/2017 8:30,68.29
7/31/2017 9:00,68.26
7/31/2017 9:30,68.26
7/31/2017 10:00,68.26
7/31/2017 10:30,68.26
7/31/2017 11:00,68.26
7/31/2017 11:30,68.26
7/31/2017 12:00,68.26
7/31/2017 12:30,68.26
7/31/2017 13:00,68.26
7/31/2017 13:30,68.23
7/31/2017 14:00,68.2
7/31/2017 14:30,68.165
7/31/2017 15:00,68.13
7/31/2017 15:30,68.07
7/31/2017 16:00,68.01
7/31/2017 16:30,67.975
7/31/2017 17:00,67.94
7/31/2017 17:30,67.88
7/31/2017 18:00,67.82
7/31/2017 18:30,67.725
7/31/2017 19:00,67.63
7/31/2017 19:30,67.6
7/31/2017 20:00,67.57
7/31/2017 20:30,67.445
7/31/2017 21:00,67.32
7/31/2017 21:30,67.32
7/31/2017 22:00,67.32
7/31/2017 22:30,67.32
7/31/2017 23:00,67.32
7/31/2017 23:30,67.29
8/1/2017 0:00,67.26
8/1/2017 0:30,67.26
8/1/2017 1:00,67.26
8/1/2017 1:30,67.29
8/1/2017 2:00,67.32
8/1/2017 2:30,67.32
8/1/2017 3:00,67.32
8/1/2017 3:30,67.32
8/1/2017 4:00,67.32
8/1/2017 4:30,67.32
8/1/2017 5:00,67.32
8/1/2017 5:30,67.32
8/1/2017 6:00,67.32
8/1/2017 6:30,67.29
8/1/2017 7:00,67.26
8/1/2017 7:30,67.29
8/1/2017 8:00,67.32
8/1/2017 8:30,67.29
8/1/2017 9:00,67.26
8/1/2017 9:30,67.23
8/1/2017 10:00,67.2
8/1/2017 10:30,67.135
8/1/2017 11:00,67.07
8/1/2017 11:30,67.04
8/1/2017 12:00,67.01
8/1/2017 12:30,66.945
8/1/2017 13:00,66.88
8/1/2017 13:30,66.79
8/1/2017 14:00,66.7
8/1/2017 14:30,66.605
8/1/2017 15:00,66.51
8/1/2017 15:30,66.42
8/1/2017 16:00,66.33
8/1/2017 16:30,66.265
8/1/2017 17:00,66.2
8/1/2017 17:30,66.08
8/1/2017 18:00,65.96
8/1/2017 18:30,65.865
8/1/2017 19:00,65.77
8/1/2017 19:30,65.74
8/1/2017 20:00,65.71
8/1/2017 20:30,65.71
8/1/2017 21:00,65.71
8/1/2017 21:30,65.555
8/1/2017 22:00,65.4
8/1/2017 22:30,65.065
8/1/2017 23:00,64.73
8/1/2017 23:30,64.695
8/2/2017 0:00,64.66
8/2/2017 0:30,64.63
8/2/2017 1:00,64.6
8/2/2017 1:30,64.6
8/2/2017 2:00,64.6
8/2/2017 2:30,64.6
8/2/2017 3:00,64.6
8/2/2017 3:30,64.6
8/2/2017 4:00,64.6
8/2/2017 4:30,64.6
8/2/2017 5:00,64.6
8/2/2017 5:30,64.6
8/2/2017 6:00,64.6
8/2/2017 6:30,64.63
8/2/2017 7:00,64.66
8/2/2017 7:30,64.63
8/2/2017 8:00,64.6
8/2/2017 8:30,64.63
8/2/2017 9:00,64.66
8/2/2017 9:30,64.63
8/2/2017 10:00,64.6
8/2/2017 10:30,64.57
8/2/2017 11:00,64.54
8/2/2017 11:30,63.63
8/2/2017 12:00,62.72
8/2/2017 12:30,62.63
8/2/2017 13:00,62.54
8/2/2017 13:30,62.45
8/2/2017 14:00,62.36
8/2/2017 14:30,62.27
8/2/2017 15:00,62.18
8/2/2017 15:30,62.06
8/2/2017 16:00,61.94
8/2/2017 16:30,61.85
8/2/2017 17:00,61.76
8/2/2017 17:30,61.64
8/2/2017 18:00,61.52
8/2/2017 18:30,61.46
8/2/2017 19:00,61.4
8/2/2017 19:30,61.28
8/2/2017 20:00,61.16
8/2/2017 20:30,61.04
8/2/2017 21:00,60.92
8/2/2017 21:30,60.89
8/2/2017 22:00,60.86
8/2/2017 22:30,60.83
8/2/2017 23:00,60.8
8/2/2017 23:30,60.83
8/3/2017 0:00,60.86
8/3/2017 0:30,60.83
8/3/2017 1:00,60.8
8/3/2017 1:30,60.8
8/3/2017 2:00,60.8
8/3/2017 2:30,60.77
8/3/2017 3:00,60.74
8/3/2017 3:30,60.74
8/3/2017 4:00,60.74
8/3/2017 4:30,60.74
8/3/2017 5:00,60.74
8/3/2017 5:30,60.74
8/3/2017 6:00,60.74
8/3/2017 6:30,60.77
8/3/2017 7:00,60.8
8/3/2017 7:30,60.77
8/3/2017 8:00,60.74
8/3/2017 8:30,60.74
8/3/2017 9:00,60.74
8/3/2017 9:30,60.74
8/3/2017 10:00,60.74
8/3/2017 10:30,60.71
8/3/2017 11:00,60.68
8/3/2017 11:30,60.62
8/3/2017 12:00,60.56
8/3/2017 12:30,60.56
8/3/2017 13:00,60.56
8/3/2017 13:30,60.53
8/3/2017 14:00,60.5
8/3/2017 14:30,60.415
8/3/2017 15:00,60.33
8/3/2017 15:30,60.21
8/3/2017 16:00,60.09
8/3/2017 16:30,60.06
8/3/2017 17:00,60.03
8/3/2017 17:30,59.97
8/3/2017 18:00,59.91
8/3/2017 18:30,59.88
8/3/2017 19:00,59.85
8/3/2017 19:30,59.82
8/3/2017 20:00,59.79
8/3/2017 20:30,59.79
8/3/2017 21:00,59.79
8/3/2017 21:30,59.79
8/3/2017 22:00,59.79
8/3/2017 22:30,59.76
8/3/2017 23:00,59.73
8/3/2017 23:30,59.73
8/4/2017 0:00,59.73
8/4/2017 0:30,59.645
8/4/2017 1:00,59.56
8/4/2017 1:30,59.56
8/4/2017 2:00,59.56
8/4/2017 2:30,59.56
8/4/2017 3:00,59.56
8/4/2017 3:30,59.56
8/4/2017 4:00,59.56
8/4/2017 4:30,59.585
8/4/2017 5:00,59.61
8/4/2017 5:30,59.585
8/4/2017 6:00,59.56
8/4/2017 6:30,59.56
8/4/2017 7:00,59.56
8/4/2017 7:30,59.615
8/4/2017 8:00,59.67
8/4/2017 8:30,59.82
8/4/2017 9:00,59.97
8/4/2017 9:30,59.97
8/4/2017 10:00,59.97
8/4/2017 10:30,59.97
8/4/2017 11:00,59.97
8/4/2017 11:30,59.97
8/4/2017 12:00,59.97
8/4/2017 12:30,59.97
8/4/2017 13:00,59.97
8/4/2017 13:30,59.97
8/4/2017 14:00,59.97
8/4/2017 14:30,59.94
8/4/2017 15:00,59.91
8/4/2017 15:30,59.91
8/4/2017 16:00,59.91
8/4/2017 16:30,59.88
8/4/2017 17:00,59.85
8/4/2017 17:30,59.85
8/4/2017 18:00,59.85
8/4/2017 18:30,59.82
8/4/2017 19:00,59.79
8/4/2017 19:30,59.79
8/4/2017 20:00,59.79
8/4/2017 20:30,59.79
8/4/2017 21:00,59.79
8/4/2017 21:30,59.7
8/4/2017 22:00,59.61
8/4/2017 22:30,59.64
8/4/2017 23:00,59.67
8/4/2017 23:30,59.64
8/5/2017 0:00,59.61
8/5/2017 0:30,59.61
8/5/2017 1:00,59.61
8/5/2017 1:30,59.61
8/5/2017 2:00,59.61
8/5/2017 2:30,59.64
8/5/2017 3:00,59.67
8/5/2017 3:30,59.64
8/5/2017 4:00,59.61
8/5/2017 4:30,59.61
8/5/2017 5:00,59.61
8/5/2017 5:30,59.61
8/5/2017 6:00,59.61
8/5/2017 6:30,59.61
8/5/2017 7:00,59.61
8/5/2017 7:30,59.61
8/5/2017 8:00,59.61
8/5/2017 8:30,59.61
8/5/2017 9:00,59.61
8/5/2017 9:30,59.61
8/5/2017 10:00,59.61
8/5/2017 10:30,59.585
8/5/2017 11:00,59.56
8/5/2017 11:30,59.56
8/5/2017 12:00,59.56
8/5/2017 12:30,59.53
8/5/2017 13:00,59.5
8/5/2017 13:30,59.47
8/5/2017 14:00,59.44
8/5/2017 14:30,59.35
8/5/2017 15:00,59.26
8/5/2017 15:30,59.23
8/5/2017 16:00,59.2
8/5/2017 16:30,59.14
8/5/2017 17:00,59.08
8/5/2017 17:30,59.055
8/5/2017 18:00,59.03
8/5/2017 18:30,58.97
8/5/2017 19:00,58.91
8/5/2017 19:30,58.91
8/5/2017 20:00,58.91
8/5/2017 20:30,58.85
8/5/2017 21:00,58.79
8/5/2017 21:30,58.76
8/5/2017 22:00,58.73
8/5/2017 22:30,58.73
8/5/2017 23:00,58.73
8/5/2017 23:30,58.7
8/6/2017 0:00,58.67
8/6/2017 0:30,58.67
8/6/2017 1:00,58.67
8/6/2017 1:30,58.67
8/6/2017 2:00,58.67
8/6/2017 2:30,58.67
8/6/2017 3:00,58.67
8/6/2017 3:30,58.67
8/6/2017 4:00,58.67
8/6/2017 4:30,58.67
8/6/2017 5:00,58.67
8/6/2017 5:30,58.64
8/6/2017 6:00,58.61
8/6/2017 6:30,58.64
8/6/2017 7:00,58.67
8/6/2017 7:30,58.67
8/6/2017 8:00,58.67
8/6/2017 8:30,58.64
8/6/2017 9:00,58.61
8/6/2017 9:30,58.64
8/6/2017 10:00,58.67
8/6/2017 10:30,58.64
8/6/2017 11:00,58.61
8/6/2017 11:30,58.61
8/6/2017 12:00,58.61
8/6/2017 12:30,58.585
8/6/2017 13:00,58.56
8/6/2017 13:30,58.53
8/6/2017 14:00,58.5
8/6/2017 14:30,58.5
8/6/2017 15:00,58.5
8/6/2017 15:30,58.44
8/6/2017 16:00,58.38
8/6/2017 16:30,58.35
8/6/2017 17:00,58.32
8/6/2017 17:30,58.29
8/6/2017 18:00,58.26
8/6/2017 18:30,58.205
8/6/2017 19:00,58.15
8/6/2017 19:30,58.12
8/6/2017 20:00,58.09
8/6/2017 20:30,58.09
8/6/2017 21:00,58.09
8/6/2017 21:30,58.09
8/6/2017 22:00,58.09
8/6/2017 22:30,58.09
8/6/2017 23:00,58.09
8/6/2017 23:30,58.06
8/7/2017 0:00,58.03
8/7/2017 0:30,58.03
8/7/2017 1:00,58.03
8/7/2017 1:30,58.03
8/7/2017 2:00,58.03
8/7/2017 2:30,58.03
8/7/2017 3:00,58.03
8/7/2017 3:30,58.03
8/7/2017 4:00,58.03
8/7/2017 4:30,58.03
8/7/2017 5:00,58.03
8/7/2017 5:30,58.03
8/7/2017 6:00,58.03
8/7/2017 6:30,58.03
8/7/2017 7:00,58.03
8/7/2017 7:30,58.03
8/7/2017 8:00,58.03
8/7/2017 8:30,58.03
8/7/2017 9:00,58.03
8/7/2017 9:30,58.03
8/7/2017 10:00,58.03
8/7/2017 10:30,58
8/7/2017 11:00,57.97
8/7/2017 11:30,58
8/7/2017 12:00,58.03
8/7/2017 12:30,58
8/7/2017 13:00,57.97
8/7/2017 13:30,57.94
8/7/2017 14:00,57.91
8/7/2017 14:30,57.855
8/7/2017 15:00,57.8
8/7/2017 15:30,57.74
8/7/2017 16:00,57.68
8/7/2017 16:30,57.565
8/7/2017 17:00,57.45
8/7/2017 17:30,57.42
8/7/2017 18:00,57.39
8/7/2017 18:30,57.36
8/7/2017 19:00,57.33
8/7/2017 19:30,57.3
8/7/2017 20:00,57.27
8/7/2017 20:30,57.27
8/7/2017 21:00,57.27
8/7/2017 21:30,57.27
8/7/2017 22:00,57.27
8/7/2017 22:30,57.33
8/7/2017 23:00,57.39
8/7/2017 23:30,58.09
8/8/2017 0:00,58.79
8/8/2017 0:30,58.82
8/8/2017 1:00,58.85
8/8/2017 1:30,58.88
8/8/2017 2:00,58.91
8/8/2017 2:30,58.91
8/8/2017 3:00,58.91
8/8/2017 3:30,59.055
8/8/2017 4:00,59.2
8/8/2017 4:30,59.2
8/8/2017 5:00,59.2
8/8/2017 5:30,59.2
8/8/2017 6:00,59.2
8/8/2017 6:30,59.2
8/8/2017 7:00,59.2
8/8/2017 7:30,59.23
8/8/2017 8:00,59.26
8/8/2017 8:30,59.26
8/8/2017 9:00,59.26
8/8/2017 9:30,59.26
8/8/2017 10:00,59.26
8/8/2017 10:30,59.26
8/8/2017 11:00,59.26
8/8/2017 11:30,59.26
8/8/2017 12:00,59.26
8/8/2017 12:30,59.26
8/8/2017 13:00,59.26
8/8/2017 13:30,59.26
8/8/2017 14:00,59.26
8/8/2017 14:30,59.2
8/8/2017 15:00,59.14
8/8/2017 15:30,59.11
8/8/2017 16:00,59.08
8/8/2017 16:30,59.025
8/8/2017 17:00,58.97
8/8/2017 17:30,58.97
8/8/2017 18:00,58.97
8/8/2017 18:30,58.94
8/8/2017 19:00,58.91
8/8/2017 19:30,58.97
8/8/2017 20:00,59.03
8/8/2017 20:30,59.145
8/8/2017 21:00,59.26
8/8/2017 21:30,59.26
8/8/2017 22:00,59.26
8/8/2017 22:30,59.26
8/8/2017 23:00,59.26
8/8/2017 23:30,59.26
8/9/2017 0:00,59.26
8/9/2017 0:30,59.26
8/9/2017 1:00,59.26
8/9/2017 1:30,59.26
8/9/2017 2:00,59.26
8/9/2017 2:30,59.26
8/9/2017 3:00,59.26
8/9/2017 3:30,59.29
8/9/2017 4:00,59.32
8/9/2017 4:30,59.32
8/9/2017 5:00,59.32
8/9/2017 5:30,59.32
8/9/2017 6:00,59.32
8/9/2017 6:30,59.32
8/9/2017 7:00,59.32
8/9/2017 7:30,59.32
8/9/2017 8:00,59.32
8/9/2017 8:30,59.32
8/9/2017 9:00,59.32
8/9/2017 9:30,59.32
8/9/2017 10:00,59.32
8/9/2017 10:30,59.32
8/9/2017 11:00,59.32
8/9/2017 11:30,59.29
8/9/2017 12:00,59.26
8/9/2017 12:30,59.23
8/9/2017 13:00,59.2
8/9/2017 13:30,59.17
8/9/2017 14:00,59.14
8/9/2017 14:30,59.11
8/9/2017 15:00,59.08
8/9/2017 15:30,59.025
8/9/2017 16:00,58.97
8/9/2017 16:30,58.91
8/9/2017 17:00,58.85
8/9/2017 17:30,58.79
8/9/2017 18:00,58.73
8/9/2017 18:30,58.7
8/9/2017 19:00,58.67
8/9/2017 19:30,58.64
8/9/2017 20:00,58.61
8/9/2017 20:30,58.585
8/9/2017 21:00,58.56
8/9/2017 21:30,58.53
8/9/2017 22:00,58.5
8/9/2017 22:30,58.5
8/9/2017 23:00,58.5
8/9/2017 23:30,58.53
8/10/2017 0:00,58.56
8/10/2017 0:30,58.56
8/10/2017 1:00,58.56
8/10/2017 1:30,58.56
8/10/2017 2:00,58.56
8/10/2017 2:30,58.53
8/10/2017 3:00,58.5
8/10/2017 3:30,58.53
8/10/2017 4:00,58.56
8/10/2017 4:30,58.53
8/10/2017 5:00,58.5
8/10/2017 5:30,58.5
8/10/2017 6:00,58.5
8/10/2017 6:30,58.53
8/10/2017 7:00,58.56
8/10/2017 7:30,58.56
8/10/2017 8:00,58.56
8/10/2017 8:30,58.585
8/10/2017 9:00,58.61
8/10/2017 9:30,58.61
8/10/2017 10:00,58.61
8/10/2017 10:30,58.61
8/10/2017 11:00,58.61
8/10/2017 11:30,58.61
8/10/2017 12:00,58.61
8/10/2017 12:30,58.585
8/10/2017 13:00,58.56
8/10/2017 13:30,58.53
8/10/2017 14:00,58.5
8/10/2017 14:30,58.47
8/10/2017 15:00,58.44
8/10/2017 15:30,58.44
8/10/2017 16:00,58.44
8/10/2017 16:30,58.35
8/10/2017 17:00,58.26
8/10/2017 17:30,58.26
8/10/2017 18:00,58.26
8/10/2017 18:30,58.235
8/10/2017 19:00,58.21
8/10/2017 19:30,58.21
8/10/2017 20:00,58.21
8/10/2017 20:30,58.18
8/10/2017 21:00,58.15
8/10/2017 21:30,58.15
8/10/2017 22:00,58.15
8/10/2017 22:30,58.15
8/10/2017 23:00,58.15
8/10/2017 23:30,58.15
8/11/2017 0:00,58.15
8/11/2017 0:30,58.15
8/11/2017 1:00,58.15
8/11/2017 1:30,58.15
8/11/2017 2:00,58.15
8/11/2017 2:30,58.15
8/11/2017 3:00,58.15
8/11/2017 3:30,58.15
8/11/2017 4:00,58.15
8/11/2017 4:30,58.15
8/11/2017 5:00,58.15
8/11/2017 5:30,58.15
8/11/2017 6:00,58.15
8/11/2017 6:30,58.18
8/11/2017 7:00,58.21
8/11/2017 7:30,58.18
8/11/2017 8:00,58.15
8/11/2017 8:30,58.15
8/11/2017 9:00,58.15
8/11/2017 9:30,58.18
8/11/2017 10:00,58.21
8/11/2017 10:30,58.18
8/11/2017 11:00,58.15
8/11/2017 11:30,58.12
8/11/2017 12:00,58.09
8/11/2017 12:30,58.03
8/11/2017 13:00,57.97
8/11/2017 13:30,57.94
8/11/2017 14:00,57.91
8/11/2017 14:30,57.91
8/11/2017 15:00,57.91
8/11/2017 15:30,57.855
8/11/2017 16:00,57.8
8/11/2017 16:30,57.8
8/11/2017 17:00,57.8
8/11/2017 17:30,57.77
8/11/2017 18:00,57.74
8/11/2017 18:30,57.77
8/11/2017 19:00,57.8
8/11/2017 19:30,57.8
8/11/2017 20:00,57.8
8/11/2017 20:30,57.8
8/11/2017 21:00,57.8
8/11/2017 21:30,57.8
8/11/2017 22:00,57.8
8/11/2017 22:30,57.8
8/11/2017 23:00,57.8
8/11/2017 23:30,57.77
8/12/2017 0:00,57.74
8/12/2017 0:30,57.77
8/12/2017 1:00,57.8
8/12/2017 1:30,57.8
8/12/2017 2:00,57.8
8/12/2017 2:30,57.8
8/12/2017 3:00,57.8
8/12/2017 3:30,57.8
8/12/2017 4:00,57.8
8/12/2017 4:30,57.8
8/12/2017 5:00,57.8
8/12/2017 5:30,57.8
8/12/2017 6:00,57.8
8/12/2017 6:30,57.83
8/12/2017 7:00,57.86
8/12/2017 7:30,57.86
8/12/2017 8:00,57.86
8/12/2017 8:30,57.86
8/12/2017 9:00,57.86
8/12/2017 9:30,57.86
8/12/2017 10:00,57.86
8/12/2017 10:30,57.885
8/12/2017 11:00,57.91
8/12/2017 11:30,57.885
8/12/2017 12:00,57.86
8/12/2017 12:30,57.86
8/12/2017 13:00,57.86
8/12/2017 13:30,57.86
8/12/2017 14:00,57.86
8/12/2017 14:30,57.83
8/12/2017 15:00,57.8
8/12/2017 15:30,57.77
8/12/2017 16:00,57.74
8/12/2017 16:30,57.71
8/12/2017 17:00,57.68
8/12/2017 17:30,57.65
8/12/2017 18:00,57.62
8/12/2017 18:30,57.565
8/12/2017 19:00,57.51
8/12/2017 19:30,57.51
8/12/2017 20:00,57.51
8/12/2017 20:30,57.48
8/12/2017 21:00,57.45
8/12/2017 21:30,57.45
8/12/2017 22:00,57.45
8/12/2017 22:30,57.45
8/12/2017 23:00,57.45
8/12/2017 23:30,57.45
8/13/2017 0:00,57.45
8/13/2017 0:30,57.45
8/13/2017 1:00,57.45
8/13/2017 1:30,57.45
8/13/2017 2:00,57.45
8/13/2017 2:30,57.42
8/13/2017 3:00,57.39
8/13/2017 3:30,57.42
8/13/2017 4:00,57.45
8/13/2017 4:30,57.42
8/13/2017 5:00,57.39
8/13/2017 5:30,57.42
8/13/2017 6:00,57.45
8/13/2017 6:30,57.45
8/13/2017 7:00,57.45
8/13/2017 7:30,57.45
8/13/2017 8:00,57.45
8/13/2017 8:30,57.48
8/13/2017 9:00,57.51
8/13/2017 9:30,57.48
8/13/2017 10:00,57.45
8/13/2017 10:30,57.45
8/13/2017 11:00,57.45
8/13/2017 11:30,57.45
8/13/2017 12:00,57.45
8/13/2017 12:30,57.45
8/13/2017 13:00,57.45
8/13/2017 13:30,57.45
8/13/2017 14:00,57.45
8/13/2017 14:30,57.45
8/13/2017 15:00,57.45
8/13/2017 15:30,57.42
8/13/2017 16:00,57.39
8/13/2017 16:30,57.39
8/13/2017 17:00,57.39
8/13/2017 17:30,57.39
8/13/2017 18:00,57.39
8/13/2017 18:30,57.39
8/13/2017 19:00,57.39
8/13/2017 19:30,57.39
8/13/2017 20:00,57.39
8/13/2017 20:30,57.39
8/13/2017 21:00,57.39
8/13/2017 21:30,57.39
8/13/2017 22:00,57.39
8/13/2017 22:30,57.39
8/13/2017 23:00,57.39
8/13/2017 23:30,57.42
8/14/2017 0:00,57.45
8/14/2017 0:30,57.45
8/14/2017 1:00,57.45
8/14/2017 1:30,57.45
8/14/2017 2:00,57.45
8/14/2017 2:30,57.45
8/14/2017 3:00,57.45
8/14/2017 3:30,60.66
8/14/2017 4:00,63.87
8/14/2017 4:30,64.175
8/14/2017 5:00,64.48
8/14/2017 5:30,64.51
8/14/2017 6:00,64.54
8/14/2017 6:30,64.6
8/14/2017 7:00,64.66
8/14/2017 7:30,64.695
8/14/2017 8:00,64.73
8/14/2017 8:30,64.76
8/14/2017 9:00,64.79
8/14/2017 9:30,64.85
8/14/2017 10:00,64.91
8/14/2017 10:30,64.91
8/14/2017 11:00,64.91
8/14/2017 11:30,64.94
8/14/2017 12:00,64.97
8/14/2017 12:30,64.97
8/14/2017 13:00,64.97
8/14/2017 13:30,65
8/14/2017 14:00,65.03
8/14/2017 14:30,65.03
8/14/2017 15:00,65.03
8/14/2017 15:30,65.03
8/14/2017 16:00,65.03
8/14/2017 16:30,65.06
8/14/2017 17:00,65.09
8/14/2017 17:30,65.09
8/14/2017 18:00,65.09
8/14/2017 18:30,65.125
8/14/2017 19:00,65.16
8/14/2017 19:30,65.16
8/14/2017 20:00,65.16
8/14/2017 20:30,65.19
8/14/2017 21:00,65.22
8/14/2017 21:30,65.22
8/14/2017 22:00,65.22
8/14/2017 22:30,65.22
8/14/2017 23:00,65.22
8/14/2017 23:30,65.22
8/15/2017 0:00,65.22
8/15/2017 0:30,65.25
8/15/2017 1:00,65.28
8/15/2017 1:30,65.31
8/15/2017 2:00,65.34
8/15/2017 2:30,65.34
8/15/2017 3:00,65.34
8/15/2017 3:30,65.34
8/15/2017 4:00,65.34
8/15/2017 4:30,65.37
8/15/2017 5:00,65.4
8/15/2017 5:30,65.555
8/15/2017 6:00,65.71
8/15/2017 6:30,66.175
8/15/2017 7:00,66.64
8/15/2017 7:30,66.67
8/15/2017 8:00,66.7
8/15/2017 8:30,67.01
8/15/2017 9:00,67.32
8/15/2017 9:30,67.415
8/15/2017 10:00,67.51
8/15/2017 10:30,67.6
8/15/2017 11:00,67.69
8/15/2017 11:30,67.725
8/15/2017 12:00,67.76
8/15/2017 12:30,67.79
8/15/2017 13:00,67.82
8/15/2017 13:30,67.82
8/15/2017 14:00,67.82
8/15/2017 14:30,67.82
8/15/2017 15:00,67.82
8/15/2017 15:30,67.82
8/15/2017 16:00,67.82
8/15/2017 16:30,67.79
8/15/2017 17:00,67.76
8/15/2017 17:30,67.76
8/15/2017 18:00,67.76
8/15/2017 18:30,67.76
8/15/2017 19:00,67.76
8/15/2017 19:30,67.725
8/15/2017 20:00,67.69
8/15/2017 20:30,67.69
8/15/2017 21:00,67.69
8/15/2017 21:30,67.725
8/15/2017 22:00,67.76
8/15/2017 22:30,67.76
8/15/2017 23:00,67.76
8/15/2017 23:30,67.76
8/16/2017 0:00,67.76
8/16/2017 0:30,67.76
8/16/2017 1:00,67.76
8/16/2017 1:30,67.76
8/16/2017 2:00,67.76
8/16/2017 2:30,67.79
8/16/2017 3:00,67.82
8/16/2017 3:30,67.82
8/16/2017 4:00,67.82
8/16/2017 4:30,67.82
8/16/2017 5:00,67.82
8/16/2017 5:30,67.82
8/16/2017 6:00,67.82
8/16/2017 6:30,67.82
8/16/2017 7:00,67.82
8/16/2017 7:30,67.85
8/16/2017 8:00,67.88
8/16/2017 8:30,67.88
8/16/2017 9:00,67.88
8/16/2017 9:30,67.88
8/16/2017 10:00,67.88
8/16/2017 10:30,67.91
8/16/2017 11:00,67.94
8/16/2017 11:30,67.91
8/16/2017 12:00,67.88
8/16/2017 12:30,67.88
8/16/2017 13:00,67.88
8/16/2017 13:30,67.85
8/16/2017 14:00,67.82
8/16/2017 14:30,67.82
8/16/2017 15:00,67.82
8/16/2017 15:30,67.79
8/16/2017 16:00,67.76
8/16/2017 16:30,67.725
8/16/2017 17:00,67.69
8/16/2017 17:30,67.69
8/16/2017 18:00,67.69
8/16/2017 18:30,67.66
8/16/2017 19:00,67.63
8/16/2017 19:30,67.63
8/16/2017 20:00,67.63
8/16/2017 20:30,67.63
8/16/2017 21:00,67.63
8/16/2017 21:30,67.63
8/16/2017 22:00,67.63
8/16/2017 22:30,67.63
8/16/2017 23:00,67.63
8/16/2017 23:30,67.63
8/17/2017 0:00,67.63
8/17/2017 0:30,67.66
8/17/2017 1:00,67.69
8/17/2017 1:30,67.69
8/17/2017 2:00,67.69
8/17/2017 2:30,67.69
8/17/2017 3:00,67.69
8/17/2017 3:30,67.725
8/17/2017 4:00,67.76
8/17/2017 4:30,67.76
8/17/2017 5:00,67.76
8/17/2017 5:30,67.76
8/17/2017 6:00,67.76
8/17/2017 6:30,67.76
8/17/2017 7:00,67.76
8/17/2017 7:30,67.79
8/17/2017 8:00,67.82
8/17/2017 8:30,67.82
8/17/2017 9:00,67.82
8/17/2017 9:30,67.82
8/17/2017 10:00,67.82
8/17/2017 10:30,67.82
8/17/2017 11:00,67.82
8/17/2017 11:30,67.82
8/17/2017 12:00,67.82
8/17/2017 12:30,67.82
8/17/2017 13:00,67.82
8/17/2017 13:30,67.85
8/17/2017 14:00,67.88
8/17/2017 14:30,67.85
8/17/2017 15:00,67.82
8/17/2017 15:30,67.85
8/17/2017 16:00,67.88
8/17/2017 16:30,67.85
8/17/2017 17:00,67.82
8/17/2017 17:30,67.82
8/17/2017 18:00,67.82
8/17/2017 18:30,67.82
8/17/2017 19:00,67.82
8/17/2017 19:30,67.79
8/17/2017 20:00,67.76
8/17/2017 20:30,67.76
8/17/2017 21:00,67.76
8/17/2017 21:30,67.79
8/17/2017 22:00,67.82
8/17/2017 22:30,67.79
8/17/2017 23:00,67.76
8/17/2017 23:30,67.79
8/18/2017 0:00,67.82
8/18/2017 0:30,67.79
8/18/2017 1:00,67.76
8/18/2017 1:30,67.76
8/18/2017 2:00,67.76
8/18/2017 2:30,67.79
8/18/2017 3:00,67.82
8/18/2017 3:30,67.945
8/18/2017 4:00,68.07
8/18/2017 4:30,68.1
8/18/2017 5:00,68.13
8/18/2017 5:30,68.13
8/18/2017 6:00,68.13
8/18/2017 6:30,68.225
8/18/2017 7:00,68.32
8/18/2017 7:30,68.605
8/18/2017 8:00,68.89
8/18/2017 8:30,69.68
8/18/2017 9:00,70.47
8/18/2017 9:30,70.915
8/18/2017 10:00,71.36
8/18/2017 10:30,71.455
8/18/2017 11:00,71.55
8/18/2017 11:30,71.585
8/18/2017 12:00,71.62
8/18/2017 12:30,71.715
8/18/2017 13:00,71.81
8/18/2017 13:30,71.875
8/18/2017 14:00,71.94
8/18/2017 14:30,71.97
8/18/2017 15:00,72
8/18/2017 15:30,72.035
8/18/2017 16:00,72.07
8/18/2017 16:30,72.035
8/18/2017 17:00,72
8/18/2017 17:30,72.035
8/18/2017 18:00,72.07
8/18/2017 18:30,72.1
8/18/2017 19:00,72.13
8/18/2017 19:30,72.13
8/18/2017 20:00,72.13
8/18/2017 20:30,72.13
8/18/2017 21:00,72.13
8/18/2017 21:30,72.16
8/18/2017 22:00,72.19
8/18/2017 22:30,72.16
8/18/2017 23:00,72.13
8/18/2017 23:30,72.195
8/19/2017 0:00,72.26
8/19/2017 0:30,72.225
8/19/2017 1:00,72.19
8/19/2017 1:30,72.225
8/19/2017 2:00,72.26
8/19/2017 2:30,72.26
8/19/2017 3:00,72.26
8/19/2017 3:30,72.29
8/19/2017 4:00,72.32
8/19/2017 4:30,72.32
8/19/2017 5:00,72.32
8/19/2017 5:30,72.32
8/19/2017 6:00,72.32
8/19/2017 6:30,72.32
8/19/2017 7:00,72.32
8/19/2017 7:30,72.355
8/19/2017 8:00,72.39
8/19/2017 8:30,72.39
8/19/2017 9:00,72.39
8/19/2017 9:30,72.42
8/19/2017 10:00,72.45
8/19/2017 10:30,72.45
8/19/2017 11:00,72.45
8/19/2017 11:30,72.45
8/19/2017 12:00,72.45
8/19/2017 12:30,72.45
8/19/2017 13:00,72.45
8/19/2017 13:30,72.45
8/19/2017 14:00,72.45
8/19/2017 14:30,72.45
8/19/2017 15:00,72.45
8/19/2017 15:30,72.42
8/19/2017 16:00,72.39
8/19/2017 16:30,72.355
8/19/2017 17:00,72.32
8/19/2017 17:30,72.32
8/19/2017 18:00,72.32
8/19/2017 18:30,72.32
8/19/2017 19:00,72.32
8/19/2017 19:30,72.29
8/19/2017 20:00,72.26
8/19/2017 20:30,72.29
8/19/2017 21:00,72.32
8/19/2017 21:30,72.29
8/19/2017 22:00,72.26
8/19/2017 22:30,72.26
8/19/2017 23:00,72.26
8/19/2017 23:30,72.29
8/20/2017 0:00,72.32
8/20/2017 0:30,72.32
8/20/2017 1:00,72.32
8/20/2017 1:30,72.32
8/20/2017 2:00,72.32
8/20/2017 2:30,72.355
8/20/2017 3:00,72.39
8/20/2017 3:30,72.42
8/20/2017 4:00,72.45
8/20/2017 4:30,72.45
8/20/2017 5:00,72.45
8/20/2017 5:30,72.485
8/20/2017 6:00,72.52
8/20/2017 6:30,72.52
8/20/2017 7:00,72.52
8/20/2017 7:30,72.615
8/20/2017 8:00,72.71
8/20/2017 8:30,72.74
8/20/2017 9:00,72.77
8/20/2017 9:30,72.77
8/20/2017 10:00,72.77
8/20/2017 10:30,72.805
8/20/2017 11:00,72.84
8/20/2017 11:30,72.84
8/20/2017 12:00,72.84
8/20/2017 12:30,72.84
8/20/2017 13:00,72.84
8/20/2017 13:30,72.84
8/20/2017 14:00,72.84
8/20/2017 14:30,72.84
8/20/2017 15:00,72.84
8/20/2017 15:30,72.805
8/20/2017 16:00,72.77
8/20/2017 16:30,72.77
8/20/2017 17:00,72.77
8/20/2017 17:30,72.77
8/20/2017 18:00,72.77
8/20/2017 18:30,72.77
8/20/2017 19:00,72.77
8/20/2017 19:30,72.77
8/20/2017 20:00,72.77
8/20/2017 20:30,72.77
8/20/2017 21:00,72.77
8/20/2017 21:30,72.77
8/20/2017 22:00,72.77
8/20/2017 22:30,72.805
8/20/2017 23:00,72.84
8/20/2017 23:30,72.84
8/21/2017 0:00,72.84
8/21/2017 0:30,72.84
8/21/2017 1:00,72.84
8/21/2017 1:30,72.87
8/21/2017 2:00,72.9
8/21/2017 2:30,72.9
8/21/2017 3:00,72.9
8/21/2017 3:30,72.9
8/21/2017 4:00,72.9
8/21/2017 4:30,72.935
8/21/2017 5:00,72.97
8/21/2017 5:30,72.97
8/21/2017 6:00,72.97
8/21/2017 6:30,72.97
8/21/2017 7:00,72.97
8/21/2017 7:30,73
8/21/2017 8:00,73.03
8/21/2017 8:30,73
8/21/2017 9:00,72.97
8/21/2017 9:30,73
8/21/2017 10:00,73.03
8/21/2017 10:30,73.03
8/21/2017 11:00,73.03
8/21/2017 11:30,73.03
8/21/2017 12:00,73.03
8/21/2017 12:30,73.03
8/21/2017 13:00,73.03
8/21/2017 13:30,73.03
8/21/2017 14:00,73.03
8/21/2017 14:30,73.03
8/21/2017 15:00,73.03
8/21/2017 15:30,73
8/21/2017 16:00,72.97
8/21/2017 16:30,72.935
8/21/2017 17:00,72.9
8/21/2017 17:30,72.9
8/21/2017 18:00,72.9
8/21/2017 18:30,72.9
8/21/2017 19:00,72.9
8/21/2017 19:30,72.9
8/21/2017 20:00,72.9
8/21/2017 20:30,72.87
8/21/2017 21:00,72.84
8/21/2017 21:30,72.84
8/21/2017 22:00,72.84
8/21/2017 22:30,72.84
8/21/2017 23:00,72.84
8/21/2017 23:30,72.84
8/22/2017 0:00,72.84
8/22/2017 0:30,72.84
8/22/2017 1:00,72.84
8/22/2017 1:30,72.87
8/22/2017 2:00,72.9
8/22/2017 2:30,72.9
8/22/2017 3:00,72.9
8/22/2017 3:30,72.9
8/22/2017 4:00,72.9
8/22/2017 4:30,72.9
8/22/2017 5:00,72.9
8/22/2017 5:30,72.9
8/22/2017 6:00,72.9
8/22/2017 6:30,72.9
8/22/2017 7:00,72.9
8/22/2017 7:30,72.935
8/22/2017 8:00,72.97
8/22/2017 8:30,72.97
8/22/2017 9:00,72.97
8/22/2017 9:30,72.97
8/22/2017 10:00,72.97
8/22/2017 10:30,73
8/22/2017 11:00,73.03
8/22/2017 11:30,73
8/22/2017 12:00,72.97
8/22/2017 12:30,72.97
8/22/2017 13:00,72.97
8/22/2017 13:30,73
8/22/2017 14:00,73.03
8/22/2017 14:30,73
8/22/2017 15:00,72.97
8/22/2017 15:30,72.97
8/22/2017 16:00,72.97
8/22/2017 16:30,72.97
8/22/2017 17:00,72.97
8/22/2017 17:30,72.935
8/22/2017 18:00,72.9
8/22/2017 18:30,72.9
8/22/2017 19:00,72.9
8/22/2017 19:30,72.87
8/22/2017 20:00,72.84
8/22/2017 20:30,72.84
8/22/2017 21:00,72.84
8/22/2017 21:30,72.84
8/22/2017 22:00,72.84
8/22/2017 22:30,72.84
8/22/2017 23:00,72.84
8/22/2017 23:30,72.87
8/23/2017 0:00,72.9
8/23/2017 0:30,72.9
8/23/2017 1:00,72.9
8/23/2017 1:30,72.9
8/23/2017 2:00,72.9
8/23/2017 2:30,72.9
8/23/2017 3:00,72.9
8/23/2017 3:30,72.9
8/23/2017 4:00,72.9
8/23/2017 4:30,72.9
8/23/2017 5:00,72.9
8/23/2017 5:30,72.935
8/23/2017 6:00,72.97
8/23/2017 6:30,73
8/23/2017 7:00,73.03
8/23/2017 7:30,73
8/23/2017 8:00,72.97
8/23/2017 8:30,73
8/23/2017 9:00,73.03
8/23/2017 9:30,73.03
8/23/2017 10:00,73.03
8/23/2017 10:30,73.03
8/23/2017 11:00,73.03
8/23/2017 11:30,73.065
8/23/2017 12:00,73.1
8/23/2017 12:30,73.1
8/23/2017 13:00,73.1
8/23/2017 13:30,73.065
8/23/2017 14:00,73.03
8/23/2017 14:30,73
8/23/2017 15:00,72.97
8/23/2017 15:30,72.97
8/23/2017 16:00,72.97
8/23/2017 16:30,72.935
8/23/2017 17:00,72.9
8/23/2017 17:30,72.87
8/23/2017 18:00,72.84
8/23/2017 18:30,72.84
8/23/2017 19:00,72.84
8/23/2017 19:30,72.84
8/23/2017 20:00,72.84
8/23/2017 20:30,72.805
8/23/2017 21:00,72.77
8/23/2017 21:30,72.805
8/23/2017 22:00,72.84
8/23/2017 22:30,72.805
8/23/2017 23:00,72.77
8/23/2017 23:30,72.77
8/24/2017 0:00,72.77
8/24/2017 0:30,72.805
8/24/2017 1:00,72.84
8/24/2017 1:30,72.84
8/24/2017 2:00,72.84
8/24/2017 2:30,72.84
8/24/2017 3:00,72.84
8/24/2017 3:30,72.84
8/24/2017 4:00,72.84
8/24/2017 4:30,72.84
8/24/2017 5:00,72.84
8/24/2017 5:30,72.84
8/24/2017 6:00,72.84
8/24/2017 6:30,72.84
8/24/2017 7:00,72.84
8/24/2017 7:30,72.84
8/24/2017 8:00,72.84
8/24/2017 8:30,72.84
8/24/2017 9:00,72.84
8/24/2017 9:30,72.84
8/24/2017 10:00,72.84
8/24/2017 10:30,72.84
8/24/2017 11:00,72.84
8/24/2017 11:30,72.84
8/24/2017 12:00,72.84
8/24/2017 12:30,72.84
8/24/2017 13:00,72.84
8/24/2017 13:30,72.84
8/24/2017 14:00,72.84
8/24/2017 14:30,72.84
8/24/2017 15:00,72.84
8/24/2017 15:30,72.84
8/24/2017 16:00,72.84
8/24/2017 16:30,72.84
8/24/2017 17:00,72.84
8/24/2017 17:30,72.84
8/24/2017 18:00,72.84
8/24/2017 18:30,72.84
8/24/2017 19:00,72.84
8/24/2017 19:30,72.84
8/24/2017 20:00,72.84
8/24/2017 20:30,72.84
8/24/2017 21:00,72.84
8/24/2017 21:30,72.84
8/24/2017 22:00,72.84
8/24/2017 22:30,72.84
8/24/2017 23:00,72.84
8/24/2017 23:30,72.84
8/25/2017 0:00,72.84
8/25/2017 0:30,72.805
8/25/2017 1:00,72.77
8/25/2017 1:30,72.77
8/25/2017 2:00,72.77
8/25/2017 2:30,72.77
8/25/2017 3:00,72.77
8/25/2017 3:30,72.77
8/25/2017 4:00,72.77
8/25/2017 4:30,72.805
8/25/2017 5:00,72.84
8/25/2017 5:30,72.805
8/25/2017 6:00,72.77
8/25/2017 6:30,72.77
8/25/2017 7:00,72.77
8/25/2017 7:30,72.77
8/25/2017 8:00,72.77
8/25/2017 8:30,72.805
8/25/2017 9:00,72.84
8/25/2017 9:30,72.84
8/25/2017 10:00,72.84
8/25/2017 10:30,72.84
8/25/2017 11:00,72.84
8/25/2017 11:30,72.84
8/25/2017 12:00,72.84
8/25/2017 12:30,72.84
8/25/2017 13:00,72.84
8/25/2017 13:30,72.84
8/25/2017 14:00,72.84
8/25/2017 14:30,72.805
8/25/2017 15:00,72.77
8/25/2017 15:30,72.805
8/25/2017 16:00,72.84
8/25/2017 16:30,72.805
8/25/2017 17:00,72.77
8/25/2017 17:30,72.74
8/25/2017 18:00,72.71
8/25/2017 18:30,72.71
8/25/2017 19:00,72.71
8/25/2017 19:30,72.74
8/25/2017 20:00,72.77
8/25/2017 20:30,72.74
8/25/2017 21:00,72.71
8/25/2017 21:30,72.71
8/25/2017 22:00,72.71
8/25/2017 22:30,72.71
8/25/2017 23:00,72.71
8/25/2017 23:30,72.74
8/26/2017 0:00,72.77
8/26/2017 0:30,72.74
8/26/2017 1:00,72.71
8/26/2017 1:30,72.74
8/26/2017 2:00,72.77
8/26/2017 2:30,72.77
8/26/2017 3:00,72.77
8/26/2017 3:30,72.77
8/26/2017 4:00,72.77
8/26/2017 4:30,72.77
8/26/2017 5:00,72.77
8/26/2017 5:30,72.805
8/26/2017 6:00,72.84
8/26/2017 6:30,72.84
8/26/2017 7:00,72.84
8/26/2017 7:30,72.805
8/26/2017 8:00,72.77
8/26/2017 8:30,72.77
8/26/2017 9:00,72.77
8/26/2017 9:30,72.77
8/26/2017 10:00,72.77
8/26/2017 10:30,72.805
8/26/2017 11:00,72.84
8/26/2017 11:30,72.805
8/26/2017 12:00,72.77
8/26/2017 12:30,72.77
8/26/2017 13:00,72.77
8/26/2017 13:30,72.77
8/26/2017 14:00,72.77
8/26/2017 14:30,72.77
8/26/2017 15:00,72.77
8/26/2017 15:30,72.77
8/26/2017 16:00,72.77
8/26/2017 16:30,72.77
8/26/2017 17:00,72.77
8/26/2017 17:30,72.77
8/26/2017 18:00,72.77
8/26/2017 18:30,72.77
8/26/2017 19:00,72.77
8/26/2017 19:30,72.77
8/26/2017 20:00,72.77
8/26/2017 20:30,72.77
8/26/2017 21:00,72.77
8/26/2017 21:30,72.77
8/26/2017 22:00,72.77
8/26/2017 22:30,72.77
8/26/2017 23:00,72.77
8/26/2017 23:30,72.77
8/27/2017 0:00,72.77
8/27/2017 0:30,72.77
8/27/2017 1:00,72.77
8/27/2017 1:30,72.77
8/27/2017 2:00,72.77
8/27/2017 2:30,72.805
8/27/2017 3:00,72.84
8/27/2017 3:30,72.87
8/27/2017 4:00,72.9
8/27/2017 4:30,72.935
8/27/2017 5:00,72.97
8/27/2017 5:30,72.97
8/27/2017 6:00,72.97
8/27/2017 6:30,73
8/27/2017 7:00,73.03
8/27/2017 7:30,73.03
8/27/2017 8:00,73.03
8/27/2017 8:30,73.03
8/27/2017 9:00,73.03
8/27/2017 9:30,73.065
8/27/2017 10:00,73.1
8/27/2017 10:30,73.13
8/27/2017 11:00,73.16
8/27/2017 11:30,73.16
8/27/2017 12:00,73.16
8/27/2017 12:30,73.225
8/27/2017 13:00,73.29
8/27/2017 13:30,73.26
8/27/2017 14:00,73.23
8/27/2017 14:30,73.26
8/27/2017 15:00,73.29
8/27/2017 15:30,73.325
8/27/2017 16:00,73.36
8/27/2017 16:30,73.425
8/27/2017 17:00,73.49
8/27/2017 17:30,73.49
8/27/2017 18:00,73.49
8/27/2017 18:30,73.52
8/27/2017 19:00,73.55
8/27/2017 19:30,73.55
8/27/2017 20:00,73.55
8/27/2017 20:30,73.55
8/27/2017 21:00,73.55
8/27/2017 21:30,73.55
8/27/2017 22:00,73.55
8/27/2017 22:30,73.58
8/27/2017 23:00,73.61
8/27/2017 23:30,73.645
8/28/2017 0:00,73.68
8/28/2017 0:30,73.745
8/28/2017 1:00,73.81
8/28/2017 1:30,73.84
8/28/2017 2:00,73.87
8/28/2017 2:30,73.905
8/28/2017 3:00,73.94
8/28/2017 3:30,73.94
8/28/2017 4:00,73.94
8/28/2017 4:30,73.94
8/28/2017 5:00,73.94
8/28/2017 5:30,73.94
8/28/2017 6:00,73.94
8/28/2017 6:30,73.94
8/28/2017 7:00,73.94
8/28/2017 7:30,73.97
8/28/2017 8:00,74
8/28/2017 8:30,74
8/28/2017 9:00,74
8/28/2017 9:30,74
8/28/2017 10:00,74
8/28/2017 10:30,74
8/28/2017 11:00,74
8/28/2017 11:30,74
8/28/2017 12:00,74
8/28/2017 12:30,74
8/28/2017 13:00,74
8/28/2017 13:30,74
8/28/2017 14:00,74
8/28/2017 14:30,73.97
8/28/2017 15:00,73.94
8/28/2017 15:30,73.97
8/28/2017 16:00,74
8/28/2017 16:30,73.97
8/28/2017 17:00,73.94
8/28/2017 17:30,73.905
8/28/2017 18:00,73.87
8/28/2017 18:30,73.87
8/28/2017 19:00,73.87
8/28/2017 19:30,73.87
8/28/2017 20:00,73.87
8/28/2017 20:30,73.87
8/28/2017 21:00,73.87
8/28/2017 21:30,73.87
8/28/2017 22:00,73.87
8/28/2017 22:30,73.87
8/28/2017 23:00,73.87
8/28/2017 23:30,73.87
8/29/2017 0:00,73.87
8/29/2017 0:30,73.87
8/29/2017 1:00,73.87
8/29/2017 1:30,73.87
8/29/2017 2:00,73.87
8/29/2017 2:30,73.87
8/29/2017 3:00,73.87
8/29/2017 3:30,73.87
8/29/2017 4:00,73.87
8/29/2017 4:30,73.87
8/29/2017 5:00,73.87
8/29/2017 5:30,73.905
8/29/2017 6:00,73.94
8/29/2017 6:30,74.005
8/29/2017 7:00,74.07
8/29/2017 7:30,74.23
8/29/2017 8:00,74.39
8/29/2017 8:30,74.425
8/29/2017 9:00,74.46
8/29/2017 9:30,74.46
8/29/2017 10:00,74.46
8/29/2017 10:30,74.46
8/29/2017 11:00,74.46
8/29/2017 11:30,74.46
8/29/2017 12:00,74.46
8/29/2017 12:30,74.425
8/29/2017 13:00,74.39
8/29/2017 13:30,74.425
8/29/2017 14:00,74.46
8/29/2017 14:30,74.46
8/29/2017 15:00,74.46
8/29/2017 15:30,74.425
8/29/2017 16:00,74.39
8/29/2017 16:30,74.39
8/29/2017 17:00,74.39
8/29/2017 17:30,74.39
8/29/2017 18:00,74.39
8/29/2017 18:30,74.39
8/29/2017 19:00,74.39
8/29/2017 19:30,74.39
8/29/2017 20:00,74.39
8/29/2017 20:30,74.425
8/29/2017 21:00,74.46
8/29/2017 21:30,74.46
8/29/2017 22:00,74.46
8/29/2017 22:30,74.425
8/29/2017 23:00,74.39
8/29/2017 23:30,74.39
8/30/2017 0:00,74.39
8/30/2017 0:30,74.39
8/30/2017 1:00,74.39
8/30/2017 1:30,74.39
8/30/2017 2:00,74.39
8/30/2017 2:30,74.39
8/30/2017 3:00,74.39
8/30/2017 3:30,74.39
8/30/2017 4:00,74.39
8/30/2017 4:30,74.425
8/30/2017 5:00,74.46
8/30/2017 5:30,74.625
8/30/2017 6:00,74.79
8/30/2017 6:30,75.245
8/30/2017 7:00,75.7
8/30/2017 7:30,75.9
8/30/2017 8:00,76.1
8/30/2017 8:30,76.23
8/30/2017 9:00,76.36
8/30/2017 9:30,76.495
8/30/2017 10:00,76.63
8/30/2017 10:30,76.695
8/30/2017 11:00,76.76
8/30/2017 11:30,76.825
8/30/2017 12:00,76.89
8/30/2017 12:30,77.155
8/30/2017 13:00,77.42
8/30/2017 13:30,77.685
8/30/2017 14:00,77.95
8/30/2017 14:30,78.215
8/30/2017 15:00,78.48
8/30/2017 15:30,78.915
8/30/2017 16:00,79.35
8/30/2017 16:30,79.59
8/30/2017 17:00,79.83
8/30/2017 17:30,79.86
8/30/2017 18:00,79.89
8/30/2017 18:30,79.995
8/30/2017 19:00,80.1
8/30/2017 19:30,80.15
8/30/2017 20:00,80.2
8/30/2017 20:30,80.4
8/30/2017 21:00,80.6
8/30/2017 21:30,80.75
8/30/2017 22:00,80.9
8/30/2017 22:30,81.05
8/30/2017 23:00,81.2
8/30/2017 23:30,81.3
8/31/2017 0:00,81.4
8/31/2017 0:30,81.55
8/31/2017 1:00,81.7
8/31/2017 1:30,81.9
8/31/2017 2:00,82.1
8/31/2017 2:30,82.35
8/31/2017 3:00,82.6
8/31/2017 3:30,82.95
8/31/2017 4:00,83.3
8/31/2017 4:30,83.6
8/31/2017 5:00,83.9
8/31/2017 5:30,83.95
8/31/2017 6:00,84
8/31/2017 6:30,84.15
8/31/2017 7:00,84.3
8/31/2017 7:30,84.35
8/31/2017 8:00,84.4
8/31/2017 8:30,84.6
8/31/2017 9:00,84.8
8/31/2017 9:30,84.9
8/31/2017 10:00,85
8/31/2017 10:30,85.2
8/31/2017 11:00,85.4
8/31/2017 11:30,85.5
8/31/2017 12:00,85.6
8/31/2017 12:30,85.65
8/31/2017 13:00,85.7
8/31/2017 13:30,85.75
8/31/2017 14:00,85.8
8/31/2017 14:30,85.8
8/31/2017 15:00,85.8
8/31/2017 15:30,85.8
8/31/2017 16:00,85.8
8/31/2017 16:30,85.8
8/31/2017 17:00,85.8
8/31/2017 17:30,85.8
8/31/2017 18:00,85.8
8/31/2017 18:30,85.8
8/31/2017 19:00,85.8
8/31/2017 19:30,85.8
8/31/2017 20:00,85.8
8/31/2017 20:30,85.8
8/31/2017 21:00,85.8
8/31/2017 21:30,85.8
8/31/2017 22:00,85.8
8/31/2017 22:30,85.8
8/31/2017 23:00,85.8
8/31/2017 23:30,85.8
9/1/2017 0:00,85.8
9/1/2017 0:30,85.8
9/1/2017 1:00,85.8
9/1/2017 1:30,85.8
9/1/2017 2:00,85.8
9/1/2017 2:30,85.8
9/1/2017 3:00,85.8
9/1/2017 3:30,85.8
9/1/2017 4:00,85.8
9/1/2017 4:30,85.8
9/1/2017 5:00,85.8
9/1/2017 5:30,85.8
9/1/2017 6:00,85.8
9/1/2017 6:30,85.8
9/1/2017 7:00,85.8
9/1/2017 7:30,85.8
9/1/2017 8:00,85.8
9/1/2017 8:30,85.85
9/1/2017 9:00,85.9
9/1/2017 9:30,85.85
9/1/2017 10:00,85.8
9/1/2017 10:30,85.8
9/1/2017 11:00,85.8
9/1/2017 11:30,85.8
9/1/2017 12:00,85.8
9/1/2017 12:30,85.8
9/1/2017 13:00,85.8
9/1/2017 13:30,85.8
9/1/2017 14:00,85.8
9/1/2017 14:30,85.8
9/1/2017 15:00,85.8
9/1/2017 15:30,85.8
9/1/2017 16:00,85.8
9/1/2017 16:30,85.75
9/1/2017 17:00,85.7
9/1/2017 17:30,85.65
9/1/2017 18:00,85.6
9/1/2017 18:30,85.6
9/1/2017 19:00,85.6
9/1/2017 19:30,85.6
9/1/2017 20:00,85.6
9/1/2017 20:30,85.6
9/1/2017 21:00,85.6
9/1/2017 21:30,85.6
9/1/2017 22:00,85.6
9/1/2017 22:30,85.6
9/1/2017 23:00,85.6
9/1/2017 23:30,85.6
9/2/2017 0:00,85.6
9/2/2017 0:30,85.65
9/2/2017 1:00,85.7
9/2/2017 1:30,85.7
9/2/2017 2:00,85.7
9/2/2017 2:30,85.7
9/2/2017 3:00,85.7
9/2/2017 3:30,85.75
9/2/2017 4:00,85.8
9/2/2017 4:30,85.8
9/2/2017 5:00,85.8
9/2/2017 5:30,85.8
9/2/2017 6:00,85.8
9/2/2017 6:30,85.8
9/2/2017 7:00,85.8
9/2/2017 7:30,85.8
9/2/2017 8:00,85.8
9/2/2017 8:30,85.8
9/2/2017 9:00,85.8
9/2/2017 9:30,85.8
9/2/2017 10:00,85.8
9/2/2017 10:30,85.8
9/2/2017 11:00,85.8
9/2/2017 11:30,85.8
9/2/2017 12:00,85.8
9/2/2017 12:30,85.8
9/2/2017 13:00,85.8
9/2/2017 13:30,85.75
9/2/2017 14:00,85.7
9/2/2017 14:30,85.7
9/2/2017 15:00,85.7
9/2/2017 15:30,85.7
9/2/2017 16:00,85.7
9/2/2017 16:30,85.65
9/2/2017 17:00,85.6
9/2/2017 17:30,85.6
9/2/2017 18:00,85.6
9/2/2017 18:30,85.6
9/2/2017 19:00,85.6
9/2/2017 19:30,85.6
9/2/2017 20:00,85.6
9/2/2017 20:30,85.6
9/2/2017 21:00,85.6
9/2/2017 21:30,85.6
9/2/2017 22:00,85.6
9/2/2017 22:30,85.6
9/2/2017 23:00,85.6
9/2/2017 23:30,85.6
9/3/2017 0:00,85.6
9/3/2017 0:30,85.6
9/3/2017 1:00,85.6
9/3/2017 1:30,85.6
9/3/2017 2:00,85.6
9/3/2017 2:30,85.6
9/3/2017 3:00,85.6
9/3/2017 3:30,85.6
9/3/2017 4:00,85.6
9/3/2017 4:30,85.6
9/3/2017 5:00,85.6
9/3/2017 5:30,85.65
9/3/2017 6:00,85.7
9/3/2017 6:30,85.7
9/3/2017 7:00,85.7
9/3/2017 7:30,85.7
9/3/2017 8:00,85.7
9/3/2017 8:30,85.65
9/3/2017 9:00,85.6
9/3/2017 9:30,85.65
9/3/2017 10:00,85.7
9/3/2017 10:30,85.7
9/3/2017 11:00,85.7
9/3/2017 11:30,85.7
9/3/2017 12:00,85.7
9/3/2017 12:30,85.7
9/3/2017 13:00,85.7
9/3/2017 13:30,85.65
9/3/2017 14:00,85.6
9/3/2017 14:30,85.65
9/3/2017 15:00,85.7
9/3/2017 15:30,85.65
9/3/2017 16:00,85.6
9/3/2017 16:30,85.6
9/3/2017 17:00,85.6
9/3/2017 17:30,85.6
9/3/2017 18:00,85.6
9/3/2017 18:30,85.6
9/3/2017 19:00,85.6
9/3/2017 19:30,85.6
9/3/2017 20:00,85.6
9/3/2017 20:30,85.6
9/3/2017 21:00,85.6
9/3/2017 21:30,85.6
9/3/2017 22:00,85.6
9/3/2017 22:30,85.6
9/3/2017 23:00,85.6
9/3/2017 23:30,85.6
9/4/2017 0:00,85.6
9/4/2017 0:30,85.6
9/4/2017 1:00,85.6
9/4/2017 1:30,85.6
9/4/2017 2:00,85.6
9/4/2017 2:30,85.65
9/4/2017 3:00,85.7
9/4/2017 3:30,85.7
9/4/2017 4:00,85.7
9/4/2017 4:30,85.7
9/4/2017 5:00,85.7
9/4/2017 5:30,85.75
9/4/2017 6:00,85.8
9/4/2017 6:30,85.8
9/4/2017 7:00,85.8
9/4/2017 7:30,85.8
9/4/2017 8:00,85.8
9/4/2017 8:30,85.8
9/4/2017 9:00,85.8
9/4/2017 9:30,85.8
9/4/2017 10:00,85.8
9/4/2017 10:30,85.8
9/4/2017 11:00,85.8
9/4/2017 11:30,85.8
9/4/2017 12:00,85.8
9/4/2017 12:30,85.8
9/4/2017 13:00,85.8
9/4/2017 13:30,85.8
9/4/2017 14:00,85.8
9/4/2017 14:30,85.8
9/4/2017 15:00,85.8
9/4/2017 15:30,85.75
9/4/2017 16:00,85.7
9/4/2017 16:30,85.7
9/4/2017 17:00,85.7
9/4/2017 17:30,85.7
9/4/2017 18:00,85.7
9/4/2017 18:30,85.7
9/4/2017 19:00,85.7
9/4/2017 19:30,85.65
9/4/2017 20:00,85.6
9/4/2017 20:30,85.65
9/4/2017 21:00,85.7
9/4/2017 21:30,85.65
9/4/2017 22:00,85.6
9/4/2017 22:30,85.6
9/4/2017 23:00,85.6
9/4/2017 23:30,85.65
9/5/2017 0:00,85.7
9/5/2017 0:30,85.7
9/5/2017 1:00,85.7
9/5/2017 1:30,85.7
9/5/2017 2:00,85.7
9/5/2017 2:30,85.7
9/5/2017 3:00,85.7
9/5/2017 3:30,85.7
9/5/2017 4:00,85.7
9/5/2017 4:30,85.75
9/5/2017 5:00,85.8
9/5/2017 5:30,85.8
9/5/2017 6:00,85.8
9/5/2017 6:30,85.8
9/5/2017 7:00,85.8
9/5/2017 7:30,85.8
9/5/2017 8:00,85.8
9/5/2017 8:30,85.8
9/5/2017 9:00,85.8
9/5/2017 9:30,85.8
9/5/2017 10:00,85.8
9/5/2017 10:30,85.8
9/5/2017 11:00,85.8
9/5/2017 11:30,85.8
9/5/2017 12:00,85.8
9/5/2017 12:30,85.8
9/5/2017 13:00,85.8
9/5/2017 13:30,85.8
9/5/2017 14:00,85.8
9/5/2017 14:30,85.8
9/5/2017 15:00,85.8
9/5/2017 15:30,85.8
9/5/2017 16:00,85.8
9/5/2017 16:30,85.75
9/5/2017 17:00,85.7
9/5/2017 17:30,85.7
9/5/2017 18:00,85.7
9/5/2017 18:30,85.65
9/5/2017 19:00,85.6
9/5/2017 19:30,85.65
9/5/2017 20:00,85.7
9/5/2017 20:30,85.7
9/5/2017 21:00,85.7
9/5/2017 21:30,85.65
9/5/2017 22:00,85.6
9/5/2017 22:30,85.6
9/5/2017 23:00,85.6
9/5/2017 23:30,85.65
9/6/2017 0:00,85.7
9/6/2017 0:30,85.7
9/6/2017 1:00,85.7
9/6/2017 1:30,85.7
9/6/2017 2:00,85.7
9/6/2017 2:30,85.65
9/6/2017 3:00,85.6
9/6/2017 3:30,85.65
9/6/2017 4:00,85.7
9/6/2017 4:30,85.7
9/6/2017 5:00,85.7
9/6/2017 5:30,85.7
9/6/2017 6:00,85.7
9/6/2017 6:30,85.7
9/6/2017 7:00,85.7
9/6/2017 7:30,85.75
9/6/2017 8:00,85.8
9/6/2017 8:30,85.8
9/6/2017 9:00,85.8
9/6/2017 9:30,85.8
9/6/2017 10:00,85.8
9/6/2017 10:30,85.8
9/6/2017 11:00,85.8
9/6/2017 11:30,85.8
9/6/2017 12:00,85.8
9/6/2017 12:30,85.8
9/6/2017 13:00,85.8
9/6/2017 13:30,85.8
9/6/2017 14:00,85.8
9/6/2017 14:30,85.8
9/6/2017 15:00,85.8
9/6/2017 15:30,85.75
9/6/2017 16:00,85.7
9/6/2017 16:30,85.7
9/6/2017 17:00,85.7
9/6/2017 17:30,85.7
9/6/2017 18:00,85.7
9/6/2017 18:30,85.7
9/6/2017 19:00,85.7
9/6/2017 19:30,85.7
9/6/2017 20:00,85.7
9/6/2017 20:30,85.75
9/6/2017 21:00,85.8
9/6/2017 21:30,85.8
9/6/2017 22:00,85.8
9/6/2017 22:30,85.8
9/6/2017 23:00,85.8
9/6/2017 23:30,85.8
9/7/2017 0:00,85.8
9/7/2017 0:30,85.8
9/7/2017 1:00,85.8
9/7/2017 1:30,85.8
9/7/2017 2:00,85.8
9/7/2017 2:30,85.8
9/7/2017 3:00,85.8
9/7/2017 3:30,85.8
9/7/2017 4:00,85.8
9/7/2017 4:30,85.8
9/7/2017 5:00,85.8
9/7/2017 5:30,85.8
9/7/2017 6:00,85.8
9/7/2017 6:30,85.8
9/7/2017 7:00,85.8
9/7/2017 7:30,85.8
9/7/2017 8:00,85.8
9/7/2017 8:30,85.8
9/7/2017 9:00,85.8
9/7/2017 9:30,85.8
9/7/2017 10:00,85.8
9/7/2017 10:30,85.8
9/7/2017 11:00,85.8
9/7/2017 11:30,85.8
9/7/2017 12:00,85.8
9/7/2017 12:30,85.8
9/7/2017 13:00,85.8
9/7/2017 13:30,85.8
9/7/2017 14:00,85.8
9/7/2017 14:30,85.8
9/7/2017 15:00,85.8
9/7/2017 15:30,85.8
9/7/2017 16:00,85.8
9/7/2017 16:30,85.8
9/7/2017 17:00,85.8
9/7/2017 17:30,85.8
9/7/2017 18:00,85.8
9/7/2017 18:30,85.8
9/7/2017 19:00,85.8
9/7/2017 19:30,85.8
9/7/2017 20:00,85.8
9/7/2017 20:30,85.8
9/7/2017 21:00,85.8
9/7/2017 21:30,85.8
9/7/2017 22:00,85.8
9/7/2017 22:30,85.8
9/7/2017 23:00,85.8
9/7/2017 23:30,85.8
9/8/2017 0:00,85.8
9/8/2017 0:30,85.8
9/8/2017 1:00,85.8
9/8/2017 1:30,85.8
9/8/2017 2:00,85.8
9/8/2017 2:30,85.8
9/8/2017 3:00,85.8
9/8/2017 3:30,85.8
9/8/2017 4:00,85.8
9/8/2017 4:30,85.8
9/8/2017 5:00,85.8
9/8/2017 5:30,85.8
9/8/2017 6:00,85.8
9/8/2017 6:30,85.8
9/8/2017 7:00,85.8
9/8/2017 7:30,85.8
9/8/2017 8:00,85.8
9/8/2017 8:30,85.8
9/8/2017 9:00,85.8
9/8/2017 9:30,85.8
9/8/2017 10:00,85.8
9/8/2017 10:30,85.8
9/8/2017 11:00,85.8
9/8/2017 11:30,85.8
9/8/2017 12:00,85.8
9/8/2017 12:30,85.8
9/8/2017 13:00,85.8
9/8/2017 13:30,85.8
9/8/2017 14:00,85.8
9/8/2017 14:30,85.8
9/8/2017 15:00,85.8
9/8/2017 15:30,85.8
9/8/2017 16:00,85.8
9/8/2017 16:30,85.8
9/8/2017 17:00,85.8
9/8/2017 17:30,85.8
9/8/2017 18:00,85.8
9/8/2017 18:30,85.75
9/8/2017 19:00,85.7
9/8/2017 19:30,85.7
9/8/2017 20:00,85.7
9/8/2017 20:30,85.7
9/8/2017 21:00,85.7
9/8/2017 21:30,85.7
9/8/2017 22:00,85.7
9/8/2017 22:30,85.7
9/8/2017 23:00,85.7
9/8/2017 23:30,85.75
9/9/2017 0:00,85.8
9/9/2017 0:30,85.8
9/9/2017 1:00,85.8
9/9/2017 1:30,85.8
9/9/2017 2:00,85.8
9/9/2017 2:30,85.8
9/9/2017 3:00,85.8
9/9/2017 3:30,85.8
9/9/2017 4:00,85.8
9/9/2017 4:30,85.8
9/9/2017 5:00,85.8
9/9/2017 5:30,85.8
9/9/2017 6:00,85.8
9/9/2017 6:30,85.8
9/9/2017 7:00,85.8
9/9/2017 7:30,85.8
9/9/2017 8:00,85.8
9/9/2017 8:30,85.8
9/9/2017 9:00,85.8
9/9/2017 9:30,85.8
9/9/2017 10:00,85.8
9/9/2017 10:30,85.8
9/9/2017 11:00,85.8
9/9/2017 11:30,85.8
9/9/2017 12:00,85.8
9/9/2017 12:30,85.8
9/9/2017 13:00,85.8
9/9/2017 13:30,85.8
9/9/2017 14:00,85.8
9/9/2017 14:30,85.8
9/9/2017 15:00,85.8
9/9/2017 15:30,85.8
9/9/2017 16:00,85.8
9/9/2017 16:30,85.8
9/9/2017 17:00,85.8
9/9/2017 17:30,85.8
9/9/2017 18:00,85.8
9/9/2017 18:30,85.8
9/9/2017 19:00,85.8
9/9/2017 19:30,85.8
9/9/2017 20:00,85.8
9/9/2017 20:30,85.8
9/9/2017 21:00,85.8
9/9/2017 21:30,85.85
9/9/2017 22:00,85.9
9/9/2017 22:30,85.9
9/9/2017 23:00,85.9
9/9/2017 23:30,85.9
9/10/2017 0:00,85.9
9/10/2017 0:30,85.9
9/10/2017 1:00,85.9
9/10/2017 1:30,85.9
9/10/2017 2:00,85.9
9/10/2017 2:30,85.9
9/10/2017 3:00,85.9
9/10/2017 3:30,85.9
9/10/2017 4:00,85.9
9/10/2017 4:30,85.9
9/10/2017 5:00,85.9
9/10/2017 5:30,85.9
9/10/2017 6:00,85.9
9/10/2017 6:30,85.9
9/10/2017 7:00,85.9
9/10/2017 7:30,85.95
9/10/2017 8:00,86
9/10/2017 8:30,86
9/10/2017 9:00,86
9/10/2017 9:30,86
9/10/2017 10:00,86
9/10/2017 10:30,86
9/10/2017 11:00,86
9/10/2017 11:30,86
9/10/2017 12:00,86
9/10/2017 12:30,86
9/10/2017 13:00,86
9/10/2017 13:30,85.95
9/10/2017 14:00,85.9
9/10/2017 14:30,85.9
9/10/2017 15:00,85.9
9/10/2017 15:30,85.9
9/10/2017 16:00,85.9
9/10/2017 16:30,85.9
9/10/2017 17:00,85.9
9/10/2017 17:30,85.9
9/10/2017 18:00,85.9
9/10/2017 18:30,85.85
9/10/2017 19:00,85.8
9/10/2017 19:30,85.8
9/10/2017 20:00,85.8
9/10/2017 20:30,85.85
9/10/2017 21:00,85.9
9/10/2017 21:30,85.85
9/10/2017 22:00,85.8
9/10/2017 22:30,85.85
9/10/2017 23:00,85.9
9/10/2017 23:30,85.9
9/11/2017 0:00,85.9
9/11/2017 0:30,85.9
9/11/2017 1:00,85.9
9/11/2017 1:30,85.9
9/11/2017 2:00,85.9
9/11/2017 2:30,85.9
9/11/2017 3:00,85.9
9/11/2017 3:30,85.9
9/11/2017 4:00,85.9
9/11/2017 4:30,85.9
9/11/2017 5:00,85.9
9/11/2017 5:30,85.9
9/11/2017 6:00,85.9
9/11/2017 6:30,85.9
9/11/2017 7:00,85.9
9/11/2017 7:30,85.9
9/11/2017 8:00,85.9
9/11/2017 8:30,85.9
9/11/2017 9:00,85.9
9/11/2017 9:30,85.9
9/11/2017 10:00,85.9
9/11/2017 10:30,85.9
9/11/2017 11:00,85.9
9/11/2017 11:30,85.9
9/11/2017 12:00,85.9
9/11/2017 12:30,85.9
9/11/2017 13:00,85.9
9/11/2017 13:30,85.95
9/11/2017 14:00,86
9/11/2017 14:30,85.95
9/11/2017 15:00,85.9
9/11/2017 15:30,85.9
9/11/2017 16:00,85.9
9/11/2017 16:30,85.85
9/11/2017 17:00,85.8
9/11/2017 17:30,85.8
9/11/2017 18:00,85.8
9/11/2017 18:30,85.8
9/11/2017 19:00,85.8
9/11/2017 19:30,85.8
9/11/2017 20:00,85.8
9/11/2017 20:30,85.8
9/11/2017 21:00,85.8
9/11/2017 21:30,85.8
9/11/2017 22:00,85.8
9/11/2017 22:30,85.8
9/11/2017 23:00,85.8
9/11/2017 23:30,85.8
9/12/2017 0:00,85.8
9/12/2017 0:30,85.8
9/12/2017 1:00,85.8
9/12/2017 1:30,85.8
9/12/2017 2:00,85.8
9/12/2017 2:30,85.8
9/12/2017 3:00,85.8
9/12/2017 3:30,85.8
9/12/2017 4:00,85.8
9/12/2017 4:30,85.8
9/12/2017 5:00,85.8
9/12/2017 5:30,85.8
9/12/2017 6:00,85.8
9/12/2017 6:30,85.85
9/12/2017 7:00,85.9
9/12/2017 7:30,85.9
9/12/2017 8:00,85.9
9/12/2017 8:30,85.9
9/12/2017 9:00,85.9
9/12/2017 9:30,85.9
9/12/2017 10:00,85.9
9/12/2017 10:30,85.9
9/12/2017 11:00,85.9
9/12/2017 11:30,85.85
9/12/2017 12:00,85.8
9/12/2017 12:30,85.85
9/12/2017 13:00,85.9
9/12/2017 13:30,85.85
9/12/2017 14:00,85.8
9/12/2017 14:30,85.8
9/12/2017 15:00,85.8
9/12/2017 15:30,85.8
9/12/2017 16:00,85.8
9/12/2017 16:30,85.8
9/12/2017 17:00,85.8
9/12/2017 17:30,85.8
9/12/2017 18:00,85.8
9/12/2017 18:30,85.8
9/12/2017 19:00,85.8
9/12/2017 19:30,85.8
9/12/2017 20:00,85.8
9/12/2017 20:30,85.8
9/12/2017 21:00,85.8
9/12/2017 21:30,85.8
9/12/2017 22:00,85.8
9/12/2017 22:30,85.8
9/12/2017 23:00,85.8
9/12/2017 23:30,85.8
9/13/2017 0:00,85.8
9/13/2017 0:30,85.8
9/13/2017 1:00,85.8
9/13/2017 1:30,85.8
9/13/2017 2:00,85.8
9/13/2017 2:30,85.8
9/13/2017 3:00,85.8
9/13/2017 3:30,85.8
9/13/2017 4:00,85.8
9/13/2017 4:30,85.8
9/13/2017 5:00,85.8
9/13/2017 5:30,85.8
9/13/2017 6:00,85.8
9/13/2017 6:30,85.8
9/13/2017 7:00,85.8
9/13/2017 7:30,85.8
9/13/2017 8:00,85.8
9/13/2017 8:30,85.8
9/13/2017 9:00,85.8
9/13/2017 9:30,85.8
9/13/2017 10:00,85.8
9/13/2017 10:30,85.8
9/13/2017 11:00,85.8
9/13/2017 11:30,85.8
9/13/2017 12:00,85.8
